migration_id,applied_at,reference,role,action,old_candidate,new_candidate,old_bom_sha256,new_bom_sha256,hardware_revision,reason,evidence_ref
ECO-EVT1-U2-U7-TP9-TP15,2026-08-25,U2,SELECTION_REGISTER,MIGRATE_PRISTINE_PENDING_SELECTION,TBD_36_60V_TO_12V_240W_ISOLATED,Q36SR12020NRFH,,641aa677b7da8f71aaec47c7467b7d23e32a90c39661ddd0fe281ee040dd60f7,EVT1,Implement Q36SR12020NRFH and NXF1S0305MC-R7 design candidates and TP9-TP15,hardware/pcb/approvals/system-owner-evt1-design-authorization.md
ECO-EVT1-U2-U7-TP9-TP15,2026-08-25,U7,SELECTION_REGISTER,MIGRATE_PRISTINE_PENDING_SELECTION,Murata MEJ1S0305SC,NXF1S0305MC-R7,,641aa677b7da8f71aaec47c7467b7d23e32a90c39661ddd0fe281ee040dd60f7,EVT1,Implement Q36SR12020NRFH and NXF1S0305MC-R7 design candidates and TP9-TP15,hardware/pcb/approvals/system-owner-evt1-design-authorization.md
ECO-EVT1-U2-U7-TP9-TP15,2026-08-25,C1,Electrical Owner,MIGRATE_PRISTINE_PENDING_ROLE,1uF 100V; Capacitor_SMD:C_1210_3225Metric,1uF 100V; Capacitor_SMD:C_1210_3225Metric,8bd6e5783d06f4d9843280ec2a9fefa463ba92380c1dc87a954b52f28e142c0f,641aa677b7da8f71aaec47c7467b7d23e32a90c39661ddd0fe281ee040dd60f7,EVT1,Implement Q36SR12020NRFH and NXF1S0305MC-R7 design candidates and TP9-TP15,hardware/pcb/approvals/system-owner-evt1-design-authorization.md
ECO-EVT1-U2-U7-TP9-TP15,2026-08-25,C1,Procurement Owner,MIGRATE_PRISTINE_PENDING_ROLE,1uF 100V; Capacitor_SMD:C_1210_3225Metric,1uF 100V; Capacitor_SMD:C_1210_3225Metric,8bd6e5783d06f4d9843280ec2a9fefa463ba92380c1dc87a954b52f28e142c0f,641aa677b7da8f71aaec47c7467b7d23e32a90c39661ddd0fe281ee040dd60f7,EVT1,Implement Q36SR12020NRFH and NXF1S0305MC-R7 design candidates and TP9-TP15,hardware/pcb/approvals/system-owner-evt1-design-authorization.md
ECO-EVT1-U2-U7-TP9-TP15,2026-08-25,C2,Electrical Owner,MIGRATE_PRISTINE_PENDING_ROLE,10uF 100V; Capacitor_SMD:C_2220_5750Metric,10uF 100V; Capacitor_SMD:C_2220_5750Metric,8bd6e5783d06f4d9843280ec2a9fefa463ba92380c1dc87a954b52f28e142c0f,641aa677b7da8f71aaec47c7467b7d23e32a90c39661ddd0fe281ee040dd60f7,EVT1,Implement Q36SR12020NRFH and NXF1S0305MC-R7 design candidates and TP9-TP15,hardware/pcb/approvals/system-owner-evt1-design-authorization.md
ECO-EVT1-U2-U7-TP9-TP15,2026-08-25,C2,Procurement Owner,MIGRATE_PRISTINE_PENDING_ROLE,10uF 100V; Capacitor_SMD:C_2220_5750Metric,10uF 100V; Capacitor_SMD:C_2220_5750Metric,8bd6e5783d06f4d9843280ec2a9fefa463ba92380c1dc87a954b52f28e142c0f,641aa677b7da8f71aaec47c7467b7d23e32a90c39661ddd0fe281ee040dd60f7,EVT1,Implement Q36SR12020NRFH and NXF1S0305MC-R7 design candidates and TP9-TP15,hardware/pcb/approvals/system-owner-evt1-design-authorization.md
ECO-EVT1-U2-U7-TP9-TP15,2026-08-25,C3,Electrical Owner,MIGRATE_PRISTINE_PENDING_ROLE,470uF 25V; Capacitor_THT:CP_Radial_D12.5mm_P5.00mm,470uF 25V; Capacitor_THT:CP_Radial_D12.5mm_P5.00mm,8bd6e5783d06f4d9843280ec2a9fefa463ba92380c1dc87a954b52f28e142c0f,641aa677b7da8f71aaec47c7467b7d23e32a90c39661ddd0fe281ee040dd60f7,EVT1,Implement Q36SR12020NRFH and NXF1S0305MC-R7 design candidates and TP9-TP15,hardware/pcb/approvals/system-owner-evt1-design-authorization.md
ECO-EVT1-U2-U7-TP9-TP15,2026-08-25,C3,Procurement Owner,MIGRATE_PRISTINE_PENDING_ROLE,470uF 25V; Capacitor_THT:CP_Radial_D12.5mm_P5.00mm,470uF 25V; Capacitor_THT:CP_Radial_D12.5mm_P5.00mm,8bd6e5783d06f4d9843280ec2a9fefa463ba92380c1dc87a954b52f28e142c0f,641aa677b7da8f71aaec47c7467b7d23e32a90c39661ddd0fe281ee040dd60f7,EVT1,Implement Q36SR12020NRFH and NXF1S0305MC-R7 design candidates and TP9-TP15,hardware/pcb/approvals/system-owner-evt1-design-authorization.md
ECO-EVT1-U2-U7-TP9-TP15,2026-08-25,C4,Electrical Owner,MIGRATE_PRISTINE_PENDING_ROLE,1uF 25V; Capacitor_SMD:C_0805_2012Metric,1uF 25V; Capacitor_SMD:C_0805_2012Metric,8bd6e5783d06f4d9843280ec2a9fefa463ba92380c1dc87a954b52f28e142c0f,641aa677b7da8f71aaec47c7467b7d23e32a90c39661ddd0fe281ee040dd60f7,EVT1,Implement Q36SR12020NRFH and NXF1S0305MC-R7 design candidates and TP9-TP15,hardware/pcb/approvals/system-owner-evt1-design-authorization.md
ECO-EVT1-U2-U7-TP9-TP15,2026-08-25,C4,Procurement Owner,MIGRATE_PRISTINE_PENDING_ROLE,1uF 25V; Capacitor_SMD:C_0805_2012Metric,1uF 25V; Capacitor_SMD:C_0805_2012Metric,8bd6e5783d06f4d9843280ec2a9fefa463ba92380c1dc87a954b52f28e142c0f,641aa677b7da8f71aaec47c7467b7d23e32a90c39661ddd0fe281ee040dd60f7,EVT1,Implement Q36SR12020NRFH and NXF1S0305MC-R7 design candidates and TP9-TP15,hardware/pcb/approvals/system-owner-evt1-design-authorization.md
ECO-EVT1-U2-U7-TP9-TP15,2026-08-25,C5,Electrical Owner,MIGRATE_PRISTINE_PENDING_ROLE,220uF 25V; Capacitor_THT:CP_Radial_D10.0mm_P5.00mm,220uF 25V; Capacitor_THT:CP_Radial_D10.0mm_P5.00mm,8bd6e5783d06f4d9843280ec2a9fefa463ba92380c1dc87a954b52f28e142c0f,641aa677b7da8f71aaec47c7467b7d23e32a90c39661ddd0fe281ee040dd60f7,EVT1,Implement Q36SR12020NRFH and NXF1S0305MC-R7 design candidates and TP9-TP15,hardware/pcb/approvals/system-owner-evt1-design-authorization.md
ECO-EVT1-U2-U7-TP9-TP15,2026-08-25,C5,Procurement Owner,MIGRATE_PRISTINE_PENDING_ROLE,220uF 25V; Capacitor_THT:CP_Radial_D10.0mm_P5.00mm,220uF 25V; Capacitor_THT:CP_Radial_D10.0mm_P5.00mm,8bd6e5783d06f4d9843280ec2a9fefa463ba92380c1dc87a954b52f28e142c0f,641aa677b7da8f71aaec47c7467b7d23e32a90c39661ddd0fe281ee040dd60f7,EVT1,Implement Q36SR12020NRFH and NXF1S0305MC-R7 design candidates and TP9-TP15,hardware/pcb/approvals/system-owner-evt1-design-authorization.md
ECO-EVT1-U2-U7-TP9-TP15,2026-08-25,C6,Electrical Owner,MIGRATE_PRISTINE_PENDING_ROLE,22uF 25V; Capacitor_SMD:C_1210_3225Metric,22uF 25V; Capacitor_SMD:C_1210_3225Metric,8bd6e5783d06f4d9843280ec2a9fefa463ba92380c1dc87a954b52f28e142c0f,641aa677b7da8f71aaec47c7467b7d23e32a90c39661ddd0fe281ee040dd60f7,EVT1,Implement Q36SR12020NRFH and NXF1S0305MC-R7 design candidates and TP9-TP15,hardware/pcb/approvals/system-owner-evt1-design-authorization.md
ECO-EVT1-U2-U7-TP9-TP15,2026-08-25,C6,Procurement Owner,MIGRATE_PRISTINE_PENDING_ROLE,22uF 25V; Capacitor_SMD:C_1210_3225Metric,22uF 25V; Capacitor_SMD:C_1210_3225Metric,8bd6e5783d06f4d9843280ec2a9fefa463ba92380c1dc87a954b52f28e142c0f,641aa677b7da8f71aaec47c7467b7d23e32a90c39661ddd0fe281ee040dd60f7,EVT1,Implement Q36SR12020NRFH and NXF1S0305MC-R7 design candidates and TP9-TP15,hardware/pcb/approvals/system-owner-evt1-design-authorization.md
ECO-EVT1-U2-U7-TP9-TP15,2026-08-25,C7 C8,Electrical Owner,MIGRATE_PRISTINE_PENDING_ROLE,47uF 10V; Capacitor_SMD:C_1210_3225Metric,47uF 10V; Capacitor_SMD:C_1210_3225Metric,8bd6e5783d06f4d9843280ec2a9fefa463ba92380c1dc87a954b52f28e142c0f,641aa677b7da8f71aaec47c7467b7d23e32a90c39661ddd0fe281ee040dd60f7,EVT1,Implement Q36SR12020NRFH and NXF1S0305MC-R7 design candidates and TP9-TP15,hardware/pcb/approvals/system-owner-evt1-design-authorization.md
ECO-EVT1-U2-U7-TP9-TP15,2026-08-25,C7 C8,Procurement Owner,MIGRATE_PRISTINE_PENDING_ROLE,47uF 10V; Capacitor_SMD:C_1210_3225Metric,47uF 10V; Capacitor_SMD:C_1210_3225Metric,8bd6e5783d06f4d9843280ec2a9fefa463ba92380c1dc87a954b52f28e142c0f,641aa677b7da8f71aaec47c7467b7d23e32a90c39661ddd0fe281ee040dd60f7,EVT1,Implement Q36SR12020NRFH and NXF1S0305MC-R7 design candidates and TP9-TP15,hardware/pcb/approvals/system-owner-evt1-design-authorization.md
ECO-EVT1-U2-U7-TP9-TP15,2026-08-25,C9 C10 C11 C12 C13 C14 C15 C16 C19,Firmware Owner,MIGRATE_PRISTINE_PENDING_ROLE,100nF; Capacitor_SMD:C_0603_1608Metric,100nF; Capacitor_SMD:C_0603_1608Metric,8bd6e5783d06f4d9843280ec2a9fefa463ba92380c1dc87a954b52f28e142c0f,641aa677b7da8f71aaec47c7467b7d23e32a90c39661ddd0fe281ee040dd60f7,EVT1,Implement Q36SR12020NRFH and NXF1S0305MC-R7 design candidates and TP9-TP15,hardware/pcb/approvals/system-owner-evt1-design-authorization.md
ECO-EVT1-U2-U7-TP9-TP15,2026-08-25,C9 C10 C11 C12 C13 C14 C15 C16 C19,Electrical Owner,MIGRATE_PRISTINE_PENDING_ROLE,100nF; Capacitor_SMD:C_0603_1608Metric,100nF; Capacitor_SMD:C_0603_1608Metric,8bd6e5783d06f4d9843280ec2a9fefa463ba92380c1dc87a954b52f28e142c0f,641aa677b7da8f71aaec47c7467b7d23e32a90c39661ddd0fe281ee040dd60f7,EVT1,Implement Q36SR12020NRFH and NXF1S0305MC-R7 design candidates and TP9-TP15,hardware/pcb/approvals/system-owner-evt1-design-authorization.md
ECO-EVT1-U2-U7-TP9-TP15,2026-08-25,C9 C10 C11 C12 C13 C14 C15 C16 C19,Procurement Owner,MIGRATE_PRISTINE_PENDING_ROLE,100nF; Capacitor_SMD:C_0603_1608Metric,100nF; Capacitor_SMD:C_0603_1608Metric,8bd6e5783d06f4d9843280ec2a9fefa463ba92380c1dc87a954b52f28e142c0f,641aa677b7da8f71aaec47c7467b7d23e32a90c39661ddd0fe281ee040dd60f7,EVT1,Implement Q36SR12020NRFH and NXF1S0305MC-R7 design candidates and TP9-TP15,hardware/pcb/approvals/system-owner-evt1-design-authorization.md
ECO-EVT1-U2-U7-TP9-TP15,2026-08-25,C17,Firmware Owner,MIGRATE_PRISTINE_PENDING_ROLE,4.7uF; Capacitor_SMD:C_0805_2012Metric,4.7uF; Capacitor_SMD:C_0805_2012Metric,8bd6e5783d06f4d9843280ec2a9fefa463ba92380c1dc87a954b52f28e142c0f,641aa677b7da8f71aaec47c7467b7d23e32a90c39661ddd0fe281ee040dd60f7,EVT1,Implement Q36SR12020NRFH and NXF1S0305MC-R7 design candidates and TP9-TP15,hardware/pcb/approvals/system-owner-evt1-design-authorization.md
ECO-EVT1-U2-U7-TP9-TP15,2026-08-25,C17,Electrical Owner,MIGRATE_PRISTINE_PENDING_ROLE,4.7uF; Capacitor_SMD:C_0805_2012Metric,4.7uF; Capacitor_SMD:C_0805_2012Metric,8bd6e5783d06f4d9843280ec2a9fefa463ba92380c1dc87a954b52f28e142c0f,641aa677b7da8f71aaec47c7467b7d23e32a90c39661ddd0fe281ee040dd60f7,EVT1,Implement Q36SR12020NRFH and NXF1S0305MC-R7 design candidates and TP9-TP15,hardware/pcb/approvals/system-owner-evt1-design-authorization.md
ECO-EVT1-U2-U7-TP9-TP15,2026-08-25,C17,Procurement Owner,MIGRATE_PRISTINE_PENDING_ROLE,4.7uF; Capacitor_SMD:C_0805_2012Metric,4.7uF; Capacitor_SMD:C_0805_2012Metric,8bd6e5783d06f4d9843280ec2a9fefa463ba92380c1dc87a954b52f28e142c0f,641aa677b7da8f71aaec47c7467b7d23e32a90c39661ddd0fe281ee040dd60f7,EVT1,Implement Q36SR12020NRFH and NXF1S0305MC-R7 design candidates and TP9-TP15,hardware/pcb/approvals/system-owner-evt1-design-authorization.md
ECO-EVT1-U2-U7-TP9-TP15,2026-08-25,C18,Electrical Owner,MIGRATE_PRISTINE_PENDING_ROLE,100nF; Capacitor_SMD:C_0603_1608Metric,100nF; Capacitor_SMD:C_0603_1608Metric,8bd6e5783d06f4d9843280ec2a9fefa463ba92380c1dc87a954b52f28e142c0f,641aa677b7da8f71aaec47c7467b7d23e32a90c39661ddd0fe281ee040dd60f7,EVT1,Implement Q36SR12020NRFH and NXF1S0305MC-R7 design candidates and TP9-TP15,hardware/pcb/approvals/system-owner-evt1-design-authorization.md
ECO-EVT1-U2-U7-TP9-TP15,2026-08-25,C18,Procurement Owner,MIGRATE_PRISTINE_PENDING_ROLE,100nF; Capacitor_SMD:C_0603_1608Metric,100nF; Capacitor_SMD:C_0603_1608Metric,8bd6e5783d06f4d9843280ec2a9fefa463ba92380c1dc87a954b52f28e142c0f,641aa677b7da8f71aaec47c7467b7d23e32a90c39661ddd0fe281ee040dd60f7,EVT1,Implement Q36SR12020NRFH and NXF1S0305MC-R7 design candidates and TP9-TP15,hardware/pcb/approvals/system-owner-evt1-design-authorization.md
ECO-EVT1-U2-U7-TP9-TP15,2026-08-25,C20,Electrical Owner,MIGRATE_PRISTINE_PENDING_ROLE,1uF 10V; Capacitor_SMD:C_0603_1608Metric,1uF 10V; Capacitor_SMD:C_0603_1608Metric,8bd6e5783d06f4d9843280ec2a9fefa463ba92380c1dc87a954b52f28e142c0f,641aa677b7da8f71aaec47c7467b7d23e32a90c39661ddd0fe281ee040dd60f7,EVT1,Implement Q36SR12020NRFH and NXF1S0305MC-R7 design candidates and TP9-TP15,hardware/pcb/approvals/system-owner-evt1-design-authorization.md
ECO-EVT1-U2-U7-TP9-TP15,2026-08-25,C20,Procurement Owner,MIGRATE_PRISTINE_PENDING_ROLE,1uF 10V; Capacitor_SMD:C_0603_1608Metric,1uF 10V; Capacitor_SMD:C_0603_1608Metric,8bd6e5783d06f4d9843280ec2a9fefa463ba92380c1dc87a954b52f28e142c0f,641aa677b7da8f71aaec47c7467b7d23e32a90c39661ddd0fe281ee040dd60f7,EVT1,Implement Q36SR12020NRFH and NXF1S0305MC-R7 design candidates and TP9-TP15,hardware/pcb/approvals/system-owner-evt1-design-authorization.md
ECO-EVT1-U2-U7-TP9-TP15,2026-08-25,C40 C41 C44,Electrical Owner,MIGRATE_PRISTINE_PENDING_ROLE,100nF; Capacitor_SMD:C_0603_1608Metric,100nF; Capacitor_SMD:C_0603_1608Metric,8bd6e5783d06f4d9843280ec2a9fefa463ba92380c1dc87a954b52f28e142c0f,641aa677b7da8f71aaec47c7467b7d23e32a90c39661ddd0fe281ee040dd60f7,EVT1,Implement Q36SR12020NRFH and NXF1S0305MC-R7 design candidates and TP9-TP15,hardware/pcb/approvals/system-owner-evt1-design-authorization.md
ECO-EVT1-U2-U7-TP9-TP15,2026-08-25,C40 C41 C44,Procurement Owner,MIGRATE_PRISTINE_PENDING_ROLE,100nF; Capacitor_SMD:C_0603_1608Metric,100nF; Capacitor_SMD:C_0603_1608Metric,8bd6e5783d06f4d9843280ec2a9fefa463ba92380c1dc87a954b52f28e142c0f,641aa677b7da8f71aaec47c7467b7d23e32a90c39661ddd0fe281ee040dd60f7,EVT1,Implement Q36SR12020NRFH and NXF1S0305MC-R7 design candidates and TP9-TP15,hardware/pcb/approvals/system-owner-evt1-design-authorization.md
ECO-EVT1-U2-U7-TP9-TP15,2026-08-25,C42 C43,Electrical Owner,MIGRATE_PRISTINE_PENDING_ROLE,4.7uF; Capacitor_SMD:C_0805_2012Metric,4.7uF; Capacitor_SMD:C_0805_2012Metric,8bd6e5783d06f4d9843280ec2a9fefa463ba92380c1dc87a954b52f28e142c0f,641aa677b7da8f71aaec47c7467b7d23e32a90c39661ddd0fe281ee040dd60f7,EVT1,Implement Q36SR12020NRFH and NXF1S0305MC-R7 design candidates and TP9-TP15,hardware/pcb/approvals/system-owner-evt1-design-authorization.md
ECO-EVT1-U2-U7-TP9-TP15,2026-08-25,C42 C43,Procurement Owner,MIGRATE_PRISTINE_PENDING_ROLE,4.7uF; Capacitor_SMD:C_0805_2012Metric,4.7uF; Capacitor_SMD:C_0805_2012Metric,8bd6e5783d06f4d9843280ec2a9fefa463ba92380c1dc87a954b52f28e142c0f,641aa677b7da8f71aaec47c7467b7d23e32a90c39661ddd0fe281ee040dd60f7,EVT1,Implement Q36SR12020NRFH and NXF1S0305MC-R7 design candidates and TP9-TP15,hardware/pcb/approvals/system-owner-evt1-design-authorization.md
ECO-EVT1-U2-U7-TP9-TP15,2026-08-25,CG1,Electrical Owner,MIGRATE_PRISTINE_PENDING_ROLE,4.7nF 100V; Capacitor_SMD:C_0603_1608Metric,4.7nF 100V; Capacitor_SMD:C_0603_1608Metric,8bd6e5783d06f4d9843280ec2a9fefa463ba92380c1dc87a954b52f28e142c0f,641aa677b7da8f71aaec47c7467b7d23e32a90c39661ddd0fe281ee040dd60f7,EVT1,Implement Q36SR12020NRFH and NXF1S0305MC-R7 design candidates and TP9-TP15,hardware/pcb/approvals/system-owner-evt1-design-authorization.md
ECO-EVT1-U2-U7-TP9-TP15,2026-08-25,CG1,Procurement Owner,MIGRATE_PRISTINE_PENDING_ROLE,4.7nF 100V; Capacitor_SMD:C_0603_1608Metric,4.7nF 100V; Capacitor_SMD:C_0603_1608Metric,8bd6e5783d06f4d9843280ec2a9fefa463ba92380c1dc87a954b52f28e142c0f,641aa677b7da8f71aaec47c7467b7d23e32a90c39661ddd0fe281ee040dd60f7,EVT1,Implement Q36SR12020NRFH and NXF1S0305MC-R7 design candidates and TP9-TP15,hardware/pcb/approvals/system-owner-evt1-design-authorization.md
ECO-EVT1-U2-U7-TP9-TP15,2026-08-25,CSS4,Electrical Owner,MIGRATE_PRISTINE_PENDING_ROLE,22nF; Capacitor_SMD:C_0603_1608Metric,22nF; Capacitor_SMD:C_0603_1608Metric,8bd6e5783d06f4d9843280ec2a9fefa463ba92380c1dc87a954b52f28e142c0f,641aa677b7da8f71aaec47c7467b7d23e32a90c39661ddd0fe281ee040dd60f7,EVT1,Implement Q36SR12020NRFH and NXF1S0305MC-R7 design candidates and TP9-TP15,hardware/pcb/approvals/system-owner-evt1-design-authorization.md
ECO-EVT1-U2-U7-TP9-TP15,2026-08-25,CSS4,Procurement Owner,MIGRATE_PRISTINE_PENDING_ROLE,22nF; Capacitor_SMD:C_0603_1608Metric,22nF; Capacitor_SMD:C_0603_1608Metric,8bd6e5783d06f4d9843280ec2a9fefa463ba92380c1dc87a954b52f28e142c0f,641aa677b7da8f71aaec47c7467b7d23e32a90c39661ddd0fe281ee040dd60f7,EVT1,Implement Q36SR12020NRFH and NXF1S0305MC-R7 design candidates and TP9-TP15,hardware/pcb/approvals/system-owner-evt1-design-authorization.md
ECO-EVT1-U2-U7-TP9-TP15,2026-08-25,CY1 CY2,Firmware Owner,MIGRATE_PRISTINE_PENDING_ROLE,18pF; Capacitor_SMD:C_0603_1608Metric,18pF; Capacitor_SMD:C_0603_1608Metric,8bd6e5783d06f4d9843280ec2a9fefa463ba92380c1dc87a954b52f28e142c0f,641aa677b7da8f71aaec47c7467b7d23e32a90c39661ddd0fe281ee040dd60f7,EVT1,Implement Q36SR12020NRFH and NXF1S0305MC-R7 design candidates and TP9-TP15,hardware/pcb/approvals/system-owner-evt1-design-authorization.md
ECO-EVT1-U2-U7-TP9-TP15,2026-08-25,CY1 CY2,Electrical Owner,MIGRATE_PRISTINE_PENDING_ROLE,18pF; Capacitor_SMD:C_0603_1608Metric,18pF; Capacitor_SMD:C_0603_1608Metric,8bd6e5783d06f4d9843280ec2a9fefa463ba92380c1dc87a954b52f28e142c0f,641aa677b7da8f71aaec47c7467b7d23e32a90c39661ddd0fe281ee040dd60f7,EVT1,Implement Q36SR12020NRFH and NXF1S0305MC-R7 design candidates and TP9-TP15,hardware/pcb/approvals/system-owner-evt1-design-authorization.md
ECO-EVT1-U2-U7-TP9-TP15,2026-08-25,CY1 CY2,Procurement Owner,MIGRATE_PRISTINE_PENDING_ROLE,18pF; Capacitor_SMD:C_0603_1608Metric,18pF; Capacitor_SMD:C_0603_1608Metric,8bd6e5783d06f4d9843280ec2a9fefa463ba92380c1dc87a954b52f28e142c0f,641aa677b7da8f71aaec47c7467b7d23e32a90c39661ddd0fe281ee040dd60f7,EVT1,Implement Q36SR12020NRFH and NXF1S0305MC-R7 design candidates and TP9-TP15,hardware/pcb/approvals/system-owner-evt1-design-authorization.md
ECO-EVT1-U2-U7-TP9-TP15,2026-08-25,D1,Electrical Owner,MIGRATE_PRISTINE_PENDING_ROLE,Littelfuse SMCJ58A,Littelfuse SMCJ58A,8bd6e5783d06f4d9843280ec2a9fefa463ba92380c1dc87a954b52f28e142c0f,641aa677b7da8f71aaec47c7467b7d23e32a90c39661ddd0fe281ee040dd60f7,EVT1,Implement Q36SR12020NRFH and NXF1S0305MC-R7 design candidates and TP9-TP15,hardware/pcb/approvals/system-owner-evt1-design-authorization.md
ECO-EVT1-U2-U7-TP9-TP15,2026-08-25,D1,Procurement Owner,MIGRATE_PRISTINE_PENDING_ROLE,Littelfuse SMCJ58A,Littelfuse SMCJ58A,8bd6e5783d06f4d9843280ec2a9fefa463ba92380c1dc87a954b52f28e142c0f,641aa677b7da8f71aaec47c7467b7d23e32a90c39661ddd0fe281ee040dd60f7,EVT1,Implement Q36SR12020NRFH and NXF1S0305MC-R7 design candidates and TP9-TP15,hardware/pcb/approvals/system-owner-evt1-design-authorization.md
ECO-EVT1-U2-U7-TP9-TP15,2026-08-25,D2,Electrical Owner,MIGRATE_PRISTINE_PENDING_ROLE,Nexperia PESD2CANFD24V-T,Nexperia PESD2CANFD24V-T,8bd6e5783d06f4d9843280ec2a9fefa463ba92380c1dc87a954b52f28e142c0f,641aa677b7da8f71aaec47c7467b7d23e32a90c39661ddd0fe281ee040dd60f7,EVT1,Implement Q36SR12020NRFH and NXF1S0305MC-R7 design candidates and TP9-TP15,hardware/pcb/approvals/system-owner-evt1-design-authorization.md
ECO-EVT1-U2-U7-TP9-TP15,2026-08-25,D2,Procurement Owner,MIGRATE_PRISTINE_PENDING_ROLE,Nexperia PESD2CANFD24V-T,Nexperia PESD2CANFD24V-T,8bd6e5783d06f4d9843280ec2a9fefa463ba92380c1dc87a954b52f28e142c0f,641aa677b7da8f71aaec47c7467b7d23e32a90c39661ddd0fe281ee040dd60f7,EVT1,Implement Q36SR12020NRFH and NXF1S0305MC-R7 design candidates and TP9-TP15,hardware/pcb/approvals/system-owner-evt1-design-authorization.md
ECO-EVT1-U2-U7-TP9-TP15,2026-08-25,D3 D4,Safety Owner,MIGRATE_PRISTINE_PENDING_ROLE,Diodes Inc. 1N4148W-7-F,Diodes Inc. 1N4148W-7-F,8bd6e5783d06f4d9843280ec2a9fefa463ba92380c1dc87a954b52f28e142c0f,641aa677b7da8f71aaec47c7467b7d23e32a90c39661ddd0fe281ee040dd60f7,EVT1,Implement Q36SR12020NRFH and NXF1S0305MC-R7 design candidates and TP9-TP15,hardware/pcb/approvals/system-owner-evt1-design-authorization.md
ECO-EVT1-U2-U7-TP9-TP15,2026-08-25,D3 D4,Electrical Owner,MIGRATE_PRISTINE_PENDING_ROLE,Diodes Inc. 1N4148W-7-F,Diodes Inc. 1N4148W-7-F,8bd6e5783d06f4d9843280ec2a9fefa463ba92380c1dc87a954b52f28e142c0f,641aa677b7da8f71aaec47c7467b7d23e32a90c39661ddd0fe281ee040dd60f7,EVT1,Implement Q36SR12020NRFH and NXF1S0305MC-R7 design candidates and TP9-TP15,hardware/pcb/approvals/system-owner-evt1-design-authorization.md
ECO-EVT1-U2-U7-TP9-TP15,2026-08-25,D3 D4,Procurement Owner,MIGRATE_PRISTINE_PENDING_ROLE,Diodes Inc. 1N4148W-7-F,Diodes Inc. 1N4148W-7-F,8bd6e5783d06f4d9843280ec2a9fefa463ba92380c1dc87a954b52f28e142c0f,641aa677b7da8f71aaec47c7467b7d23e32a90c39661ddd0fe281ee040dd60f7,EVT1,Implement Q36SR12020NRFH and NXF1S0305MC-R7 design candidates and TP9-TP15,hardware/pcb/approvals/system-owner-evt1-design-authorization.md
ECO-EVT1-U2-U7-TP9-TP15,2026-08-25,F1,Electrical Owner,MIGRATE_PRISTINE_PENDING_ROLE,Littelfuse 0451010.MRL,Littelfuse 0451010.MRL,8bd6e5783d06f4d9843280ec2a9fefa463ba92380c1dc87a954b52f28e142c0f,641aa677b7da8f71aaec47c7467b7d23e32a90c39661ddd0fe281ee040dd60f7,EVT1,Implement Q36SR12020NRFH and NXF1S0305MC-R7 design candidates and TP9-TP15,hardware/pcb/approvals/system-owner-evt1-design-authorization.md
ECO-EVT1-U2-U7-TP9-TP15,2026-08-25,F1,Procurement Owner,MIGRATE_PRISTINE_PENDING_ROLE,Littelfuse 0451010.MRL,Littelfuse 0451010.MRL,8bd6e5783d06f4d9843280ec2a9fefa463ba92380c1dc87a954b52f28e142c0f,641aa677b7da8f71aaec47c7467b7d23e32a90c39661ddd0fe281ee040dd60f7,EVT1,Implement Q36SR12020NRFH and NXF1S0305MC-R7 design candidates and TP9-TP15,hardware/pcb/approvals/system-owner-evt1-design-authorization.md
ECO-EVT1-U2-U7-TP9-TP15,2026-08-25,F2,Safety Owner,MIGRATE_PRISTINE_PENDING_ROLE,Littelfuse 1206L025YR,Littelfuse 1206L025YR,8bd6e5783d06f4d9843280ec2a9fefa463ba92380c1dc87a954b52f28e142c0f,641aa677b7da8f71aaec47c7467b7d23e32a90c39661ddd0fe281ee040dd60f7,EVT1,Implement Q36SR12020NRFH and NXF1S0305MC-R7 design candidates and TP9-TP15,hardware/pcb/approvals/system-owner-evt1-design-authorization.md
ECO-EVT1-U2-U7-TP9-TP15,2026-08-25,F2,Electrical Owner,MIGRATE_PRISTINE_PENDING_ROLE,Littelfuse 1206L025YR,Littelfuse 1206L025YR,8bd6e5783d06f4d9843280ec2a9fefa463ba92380c1dc87a954b52f28e142c0f,641aa677b7da8f71aaec47c7467b7d23e32a90c39661ddd0fe281ee040dd60f7,EVT1,Implement Q36SR12020NRFH and NXF1S0305MC-R7 design candidates and TP9-TP15,hardware/pcb/approvals/system-owner-evt1-design-authorization.md
ECO-EVT1-U2-U7-TP9-TP15,2026-08-25,F2,Procurement Owner,MIGRATE_PRISTINE_PENDING_ROLE,Littelfuse 1206L025YR,Littelfuse 1206L025YR,8bd6e5783d06f4d9843280ec2a9fefa463ba92380c1dc87a954b52f28e142c0f,641aa677b7da8f71aaec47c7467b7d23e32a90c39661ddd0fe281ee040dd60f7,EVT1,Implement Q36SR12020NRFH and NXF1S0305MC-R7 design candidates and TP9-TP15,hardware/pcb/approvals/system-owner-evt1-design-authorization.md
ECO-EVT1-U2-U7-TP9-TP15,2026-08-25,J1,System Owner,MIGRATE_PRISTINE_PENDING_ROLE,Molex 43045-0412,Molex 43045-0412,8bd6e5783d06f4d9843280ec2a9fefa463ba92380c1dc87a954b52f28e142c0f,641aa677b7da8f71aaec47c7467b7d23e32a90c39661ddd0fe281ee040dd60f7,EVT1,Implement Q36SR12020NRFH and NXF1S0305MC-R7 design candidates and TP9-TP15,hardware/pcb/approvals/system-owner-evt1-design-authorization.md
ECO-EVT1-U2-U7-TP9-TP15,2026-08-25,J1,Electrical Owner,MIGRATE_PRISTINE_PENDING_ROLE,Molex 43045-0412,Molex 43045-0412,8bd6e5783d06f4d9843280ec2a9fefa463ba92380c1dc87a954b52f28e142c0f,641aa677b7da8f71aaec47c7467b7d23e32a90c39661ddd0fe281ee040dd60f7,EVT1,Implement Q36SR12020NRFH and NXF1S0305MC-R7 design candidates and TP9-TP15,hardware/pcb/approvals/system-owner-evt1-design-authorization.md
ECO-EVT1-U2-U7-TP9-TP15,2026-08-25,J1,Procurement Owner,MIGRATE_PRISTINE_PENDING_ROLE,Molex 43045-0412,Molex 43045-0412,8bd6e5783d06f4d9843280ec2a9fefa463ba92380c1dc87a954b52f28e142c0f,641aa677b7da8f71aaec47c7467b7d23e32a90c39661ddd0fe281ee040dd60f7,EVT1,Implement Q36SR12020NRFH and NXF1S0305MC-R7 design candidates and TP9-TP15,hardware/pcb/approvals/system-owner-evt1-design-authorization.md
ECO-EVT1-U2-U7-TP9-TP15,2026-08-25,J2,Electrical Owner,MIGRATE_PRISTINE_PENDING_ROLE,Molex 43045-0412,Molex 43045-0412,8bd6e5783d06f4d9843280ec2a9fefa463ba92380c1dc87a954b52f28e142c0f,641aa677b7da8f71aaec47c7467b7d23e32a90c39661ddd0fe281ee040dd60f7,EVT1,Implement Q36SR12020NRFH and NXF1S0305MC-R7 design candidates and TP9-TP15,hardware/pcb/approvals/system-owner-evt1-design-authorization.md
ECO-EVT1-U2-U7-TP9-TP15,2026-08-25,J2,Procurement Owner,MIGRATE_PRISTINE_PENDING_ROLE,Molex 43045-0412,Molex 43045-0412,8bd6e5783d06f4d9843280ec2a9fefa463ba92380c1dc87a954b52f28e142c0f,641aa677b7da8f71aaec47c7467b7d23e32a90c39661ddd0fe281ee040dd60f7,EVT1,Implement Q36SR12020NRFH and NXF1S0305MC-R7 design candidates and TP9-TP15,hardware/pcb/approvals/system-owner-evt1-design-authorization.md
ECO-EVT1-U2-U7-TP9-TP15,2026-08-25,J3,System Owner,MIGRATE_PRISTINE_PENDING_ROLE,Molex 43045-0412,Molex 43045-0412,8bd6e5783d06f4d9843280ec2a9fefa463ba92380c1dc87a954b52f28e142c0f,641aa677b7da8f71aaec47c7467b7d23e32a90c39661ddd0fe281ee040dd60f7,EVT1,Implement Q36SR12020NRFH and NXF1S0305MC-R7 design candidates and TP9-TP15,hardware/pcb/approvals/system-owner-evt1-design-authorization.md
ECO-EVT1-U2-U7-TP9-TP15,2026-08-25,J3,Electrical Owner,MIGRATE_PRISTINE_PENDING_ROLE,Molex 43045-0412,Molex 43045-0412,8bd6e5783d06f4d9843280ec2a9fefa463ba92380c1dc87a954b52f28e142c0f,641aa677b7da8f71aaec47c7467b7d23e32a90c39661ddd0fe281ee040dd60f7,EVT1,Implement Q36SR12020NRFH and NXF1S0305MC-R7 design candidates and TP9-TP15,hardware/pcb/approvals/system-owner-evt1-design-authorization.md
ECO-EVT1-U2-U7-TP9-TP15,2026-08-25,J3,Procurement Owner,MIGRATE_PRISTINE_PENDING_ROLE,Molex 43045-0412,Molex 43045-0412,8bd6e5783d06f4d9843280ec2a9fefa463ba92380c1dc87a954b52f28e142c0f,641aa677b7da8f71aaec47c7467b7d23e32a90c39661ddd0fe281ee040dd60f7,EVT1,Implement Q36SR12020NRFH and NXF1S0305MC-R7 design candidates and TP9-TP15,hardware/pcb/approvals/system-owner-evt1-design-authorization.md
ECO-EVT1-U2-U7-TP9-TP15,2026-08-25,J4,Firmware Owner,MIGRATE_PRISTINE_PENDING_ROLE,JETSON MCU BACKPLANE; Connector_PinHeader_2.54mm:PinHeader_2x10_P2.54mm_Vertical,JETSON MCU BACKPLANE; Connector_PinHeader_2.54mm:PinHeader_2x10_P2.54mm_Vertical,8bd6e5783d06f4d9843280ec2a9fefa463ba92380c1dc87a954b52f28e142c0f,641aa677b7da8f71aaec47c7467b7d23e32a90c39661ddd0fe281ee040dd60f7,EVT1,Implement Q36SR12020NRFH and NXF1S0305MC-R7 design candidates and TP9-TP15,hardware/pcb/approvals/system-owner-evt1-design-authorization.md
ECO-EVT1-U2-U7-TP9-TP15,2026-08-25,J4,Electrical Owner,MIGRATE_PRISTINE_PENDING_ROLE,JETSON MCU BACKPLANE; Connector_PinHeader_2.54mm:PinHeader_2x10_P2.54mm_Vertical,JETSON MCU BACKPLANE; Connector_PinHeader_2.54mm:PinHeader_2x10_P2.54mm_Vertical,8bd6e5783d06f4d9843280ec2a9fefa463ba92380c1dc87a954b52f28e142c0f,641aa677b7da8f71aaec47c7467b7d23e32a90c39661ddd0fe281ee040dd60f7,EVT1,Implement Q36SR12020NRFH and NXF1S0305MC-R7 design candidates and TP9-TP15,hardware/pcb/approvals/system-owner-evt1-design-authorization.md
ECO-EVT1-U2-U7-TP9-TP15,2026-08-25,J4,Procurement Owner,MIGRATE_PRISTINE_PENDING_ROLE,JETSON MCU BACKPLANE; Connector_PinHeader_2.54mm:PinHeader_2x10_P2.54mm_Vertical,JETSON MCU BACKPLANE; Connector_PinHeader_2.54mm:PinHeader_2x10_P2.54mm_Vertical,8bd6e5783d06f4d9843280ec2a9fefa463ba92380c1dc87a954b52f28e142c0f,641aa677b7da8f71aaec47c7467b7d23e32a90c39661ddd0fe281ee040dd60f7,EVT1,Implement Q36SR12020NRFH and NXF1S0305MC-R7 design candidates and TP9-TP15,hardware/pcb/approvals/system-owner-evt1-design-authorization.md
ECO-EVT1-U2-U7-TP9-TP15,2026-08-25,J5,Electrical Owner,MIGRATE_PRISTINE_PENDING_ROLE,Molex 43045-0412,Molex 43045-0412,8bd6e5783d06f4d9843280ec2a9fefa463ba92380c1dc87a954b52f28e142c0f,641aa677b7da8f71aaec47c7467b7d23e32a90c39661ddd0fe281ee040dd60f7,EVT1,Implement Q36SR12020NRFH and NXF1S0305MC-R7 design candidates and TP9-TP15,hardware/pcb/approvals/system-owner-evt1-design-authorization.md
ECO-EVT1-U2-U7-TP9-TP15,2026-08-25,J5,Procurement Owner,MIGRATE_PRISTINE_PENDING_ROLE,Molex 43045-0412,Molex 43045-0412,8bd6e5783d06f4d9843280ec2a9fefa463ba92380c1dc87a954b52f28e142c0f,641aa677b7da8f71aaec47c7467b7d23e32a90c39661ddd0fe281ee040dd60f7,EVT1,Implement Q36SR12020NRFH and NXF1S0305MC-R7 design candidates and TP9-TP15,hardware/pcb/approvals/system-owner-evt1-design-authorization.md
ECO-EVT1-U2-U7-TP9-TP15,2026-08-25,J6,Electrical Owner,MIGRATE_PRISTINE_PENDING_ROLE,Molex 43045-0412,Molex 43045-0412,8bd6e5783d06f4d9843280ec2a9fefa463ba92380c1dc87a954b52f28e142c0f,641aa677b7da8f71aaec47c7467b7d23e32a90c39661ddd0fe281ee040dd60f7,EVT1,Implement Q36SR12020NRFH and NXF1S0305MC-R7 design candidates and TP9-TP15,hardware/pcb/approvals/system-owner-evt1-design-authorization.md
ECO-EVT1-U2-U7-TP9-TP15,2026-08-25,J6,Procurement Owner,MIGRATE_PRISTINE_PENDING_ROLE,Molex 43045-0412,Molex 43045-0412,8bd6e5783d06f4d9843280ec2a9fefa463ba92380c1dc87a954b52f28e142c0f,641aa677b7da8f71aaec47c7467b7d23e32a90c39661ddd0fe281ee040dd60f7,EVT1,Implement Q36SR12020NRFH and NXF1S0305MC-R7 design candidates and TP9-TP15,hardware/pcb/approvals/system-owner-evt1-design-authorization.md
ECO-EVT1-U2-U7-TP9-TP15,2026-08-25,J10,Safety Owner,MIGRATE_PRISTINE_PENDING_ROLE,Molex 43045-0412,Molex 43045-0412,8bd6e5783d06f4d9843280ec2a9fefa463ba92380c1dc87a954b52f28e142c0f,641aa677b7da8f71aaec47c7467b7d23e32a90c39661ddd0fe281ee040dd60f7,EVT1,Implement Q36SR12020NRFH and NXF1S0305MC-R7 design candidates and TP9-TP15,hardware/pcb/approvals/system-owner-evt1-design-authorization.md
ECO-EVT1-U2-U7-TP9-TP15,2026-08-25,J10,Electrical Owner,MIGRATE_PRISTINE_PENDING_ROLE,Molex 43045-0412,Molex 43045-0412,8bd6e5783d06f4d9843280ec2a9fefa463ba92380c1dc87a954b52f28e142c0f,641aa677b7da8f71aaec47c7467b7d23e32a90c39661ddd0fe281ee040dd60f7,EVT1,Implement Q36SR12020NRFH and NXF1S0305MC-R7 design candidates and TP9-TP15,hardware/pcb/approvals/system-owner-evt1-design-authorization.md
ECO-EVT1-U2-U7-TP9-TP15,2026-08-25,J10,Procurement Owner,MIGRATE_PRISTINE_PENDING_ROLE,Molex 43045-0412,Molex 43045-0412,8bd6e5783d06f4d9843280ec2a9fefa463ba92380c1dc87a954b52f28e142c0f,641aa677b7da8f71aaec47c7467b7d23e32a90c39661ddd0fe281ee040dd60f7,EVT1,Implement Q36SR12020NRFH and NXF1S0305MC-R7 design candidates and TP9-TP15,hardware/pcb/approvals/system-owner-evt1-design-authorization.md
ECO-EVT1-U2-U7-TP9-TP15,2026-08-25,J11,Safety Owner,MIGRATE_PRISTINE_PENDING_ROLE,Molex 43045-0412,Molex 43045-0412,8bd6e5783d06f4d9843280ec2a9fefa463ba92380c1dc87a954b52f28e142c0f,641aa677b7da8f71aaec47c7467b7d23e32a90c39661ddd0fe281ee040dd60f7,EVT1,Implement Q36SR12020NRFH and NXF1S0305MC-R7 design candidates and TP9-TP15,hardware/pcb/approvals/system-owner-evt1-design-authorization.md
ECO-EVT1-U2-U7-TP9-TP15,2026-08-25,J11,Electrical Owner,MIGRATE_PRISTINE_PENDING_ROLE,Molex 43045-0412,Molex 43045-0412,8bd6e5783d06f4d9843280ec2a9fefa463ba92380c1dc87a954b52f28e142c0f,641aa677b7da8f71aaec47c7467b7d23e32a90c39661ddd0fe281ee040dd60f7,EVT1,Implement Q36SR12020NRFH and NXF1S0305MC-R7 design candidates and TP9-TP15,hardware/pcb/approvals/system-owner-evt1-design-authorization.md
ECO-EVT1-U2-U7-TP9-TP15,2026-08-25,J11,Procurement Owner,MIGRATE_PRISTINE_PENDING_ROLE,Molex 43045-0412,Molex 43045-0412,8bd6e5783d06f4d9843280ec2a9fefa463ba92380c1dc87a954b52f28e142c0f,641aa677b7da8f71aaec47c7467b7d23e32a90c39661ddd0fe281ee040dd60f7,EVT1,Implement Q36SR12020NRFH and NXF1S0305MC-R7 design candidates and TP9-TP15,hardware/pcb/approvals/system-owner-evt1-design-authorization.md
ECO-EVT1-U2-U7-TP9-TP15,2026-08-25,J12,Safety Owner,MIGRATE_PRISTINE_PENDING_ROLE,Molex 43045-0412,Molex 43045-0412,8bd6e5783d06f4d9843280ec2a9fefa463ba92380c1dc87a954b52f28e142c0f,641aa677b7da8f71aaec47c7467b7d23e32a90c39661ddd0fe281ee040dd60f7,EVT1,Implement Q36SR12020NRFH and NXF1S0305MC-R7 design candidates and TP9-TP15,hardware/pcb/approvals/system-owner-evt1-design-authorization.md
ECO-EVT1-U2-U7-TP9-TP15,2026-08-25,J12,Electrical Owner,MIGRATE_PRISTINE_PENDING_ROLE,Molex 43045-0412,Molex 43045-0412,8bd6e5783d06f4d9843280ec2a9fefa463ba92380c1dc87a954b52f28e142c0f,641aa677b7da8f71aaec47c7467b7d23e32a90c39661ddd0fe281ee040dd60f7,EVT1,Implement Q36SR12020NRFH and NXF1S0305MC-R7 design candidates and TP9-TP15,hardware/pcb/approvals/system-owner-evt1-design-authorization.md
ECO-EVT1-U2-U7-TP9-TP15,2026-08-25,J12,Procurement Owner,MIGRATE_PRISTINE_PENDING_ROLE,Molex 43045-0412,Molex 43045-0412,8bd6e5783d06f4d9843280ec2a9fefa463ba92380c1dc87a954b52f28e142c0f,641aa677b7da8f71aaec47c7467b7d23e32a90c39661ddd0fe281ee040dd60f7,EVT1,Implement Q36SR12020NRFH and NXF1S0305MC-R7 design candidates and TP9-TP15,hardware/pcb/approvals/system-owner-evt1-design-authorization.md
ECO-EVT1-U2-U7-TP9-TP15,2026-08-25,J13,Firmware Owner,MIGRATE_PRISTINE_PENDING_ROLE,WCH DEBUG; Connector_PinHeader_2.54mm:PinHeader_1x04_P2.54mm_Vertical,WCH DEBUG; Connector_PinHeader_2.54mm:PinHeader_1x04_P2.54mm_Vertical,8bd6e5783d06f4d9843280ec2a9fefa463ba92380c1dc87a954b52f28e142c0f,641aa677b7da8f71aaec47c7467b7d23e32a90c39661ddd0fe281ee040dd60f7,EVT1,Implement Q36SR12020NRFH and NXF1S0305MC-R7 design candidates and TP9-TP15,hardware/pcb/approvals/system-owner-evt1-design-authorization.md
ECO-EVT1-U2-U7-TP9-TP15,2026-08-25,J13,Electrical Owner,MIGRATE_PRISTINE_PENDING_ROLE,WCH DEBUG; Connector_PinHeader_2.54mm:PinHeader_1x04_P2.54mm_Vertical,WCH DEBUG; Connector_PinHeader_2.54mm:PinHeader_1x04_P2.54mm_Vertical,8bd6e5783d06f4d9843280ec2a9fefa463ba92380c1dc87a954b52f28e142c0f,641aa677b7da8f71aaec47c7467b7d23e32a90c39661ddd0fe281ee040dd60f7,EVT1,Implement Q36SR12020NRFH and NXF1S0305MC-R7 design candidates and TP9-TP15,hardware/pcb/approvals/system-owner-evt1-design-authorization.md
ECO-EVT1-U2-U7-TP9-TP15,2026-08-25,J13,Procurement Owner,MIGRATE_PRISTINE_PENDING_ROLE,WCH DEBUG; Connector_PinHeader_2.54mm:PinHeader_1x04_P2.54mm_Vertical,WCH DEBUG; Connector_PinHeader_2.54mm:PinHeader_1x04_P2.54mm_Vertical,8bd6e5783d06f4d9843280ec2a9fefa463ba92380c1dc87a954b52f28e142c0f,641aa677b7da8f71aaec47c7467b7d23e32a90c39661ddd0fe281ee040dd60f7,EVT1,Implement Q36SR12020NRFH and NXF1S0305MC-R7 design candidates and TP9-TP15,hardware/pcb/approvals/system-owner-evt1-design-authorization.md
ECO-EVT1-U2-U7-TP9-TP15,2026-08-25,JP1,Electrical Owner,MIGRATE_PRISTINE_PENDING_ROLE,CAN TERM; Connector_PinHeader_2.54mm:PinHeader_1x02_P2.54mm_Vertical,CAN TERM; Connector_PinHeader_2.54mm:PinHeader_1x02_P2.54mm_Vertical,8bd6e5783d06f4d9843280ec2a9fefa463ba92380c1dc87a954b52f28e142c0f,641aa677b7da8f71aaec47c7467b7d23e32a90c39661ddd0fe281ee040dd60f7,EVT1,Implement Q36SR12020NRFH and NXF1S0305MC-R7 design candidates and TP9-TP15,hardware/pcb/approvals/system-owner-evt1-design-authorization.md
ECO-EVT1-U2-U7-TP9-TP15,2026-08-25,JP1,Procurement Owner,MIGRATE_PRISTINE_PENDING_ROLE,CAN TERM; Connector_PinHeader_2.54mm:PinHeader_1x02_P2.54mm_Vertical,CAN TERM; Connector_PinHeader_2.54mm:PinHeader_1x02_P2.54mm_Vertical,8bd6e5783d06f4d9843280ec2a9fefa463ba92380c1dc87a954b52f28e142c0f,641aa677b7da8f71aaec47c7467b7d23e32a90c39661ddd0fe281ee040dd60f7,EVT1,Implement Q36SR12020NRFH and NXF1S0305MC-R7 design candidates and TP9-TP15,hardware/pcb/approvals/system-owner-evt1-design-authorization.md
ECO-EVT1-U2-U7-TP9-TP15,2026-08-25,K1,Safety Owner,MIGRATE_PRISTINE_PENDING_ROLE,Panasonic SFM4-DC12V,Panasonic SFM4-DC12V,8bd6e5783d06f4d9843280ec2a9fefa463ba92380c1dc87a954b52f28e142c0f,641aa677b7da8f71aaec47c7467b7d23e32a90c39661ddd0fe281ee040dd60f7,EVT1,Implement Q36SR12020NRFH and NXF1S0305MC-R7 design candidates and TP9-TP15,hardware/pcb/approvals/system-owner-evt1-design-authorization.md
ECO-EVT1-U2-U7-TP9-TP15,2026-08-25,K1,Electrical Owner,MIGRATE_PRISTINE_PENDING_ROLE,Panasonic SFM4-DC12V,Panasonic SFM4-DC12V,8bd6e5783d06f4d9843280ec2a9fefa463ba92380c1dc87a954b52f28e142c0f,641aa677b7da8f71aaec47c7467b7d23e32a90c39661ddd0fe281ee040dd60f7,EVT1,Implement Q36SR12020NRFH and NXF1S0305MC-R7 design candidates and TP9-TP15,hardware/pcb/approvals/system-owner-evt1-design-authorization.md
ECO-EVT1-U2-U7-TP9-TP15,2026-08-25,K1,Procurement Owner,MIGRATE_PRISTINE_PENDING_ROLE,Panasonic SFM4-DC12V,Panasonic SFM4-DC12V,8bd6e5783d06f4d9843280ec2a9fefa463ba92380c1dc87a954b52f28e142c0f,641aa677b7da8f71aaec47c7467b7d23e32a90c39661ddd0fe281ee040dd60f7,EVT1,Implement Q36SR12020NRFH and NXF1S0305MC-R7 design candidates and TP9-TP15,hardware/pcb/approvals/system-owner-evt1-design-authorization.md
ECO-EVT1-U2-U7-TP9-TP15,2026-08-25,K2,Safety Owner,MIGRATE_PRISTINE_PENDING_ROLE,Panasonic SFM4-DC12V,Panasonic SFM4-DC12V,8bd6e5783d06f4d9843280ec2a9fefa463ba92380c1dc87a954b52f28e142c0f,641aa677b7da8f71aaec47c7467b7d23e32a90c39661ddd0fe281ee040dd60f7,EVT1,Implement Q36SR12020NRFH and NXF1S0305MC-R7 design candidates and TP9-TP15,hardware/pcb/approvals/system-owner-evt1-design-authorization.md
ECO-EVT1-U2-U7-TP9-TP15,2026-08-25,K2,Electrical Owner,MIGRATE_PRISTINE_PENDING_ROLE,Panasonic SFM4-DC12V,Panasonic SFM4-DC12V,8bd6e5783d06f4d9843280ec2a9fefa463ba92380c1dc87a954b52f28e142c0f,641aa677b7da8f71aaec47c7467b7d23e32a90c39661ddd0fe281ee040dd60f7,EVT1,Implement Q36SR12020NRFH and NXF1S0305MC-R7 design candidates and TP9-TP15,hardware/pcb/approvals/system-owner-evt1-design-authorization.md
ECO-EVT1-U2-U7-TP9-TP15,2026-08-25,K2,Procurement Owner,MIGRATE_PRISTINE_PENDING_ROLE,Panasonic SFM4-DC12V,Panasonic SFM4-DC12V,8bd6e5783d06f4d9843280ec2a9fefa463ba92380c1dc87a954b52f28e142c0f,641aa677b7da8f71aaec47c7467b7d23e32a90c39661ddd0fe281ee040dd60f7,EVT1,Implement Q36SR12020NRFH and NXF1S0305MC-R7 design candidates and TP9-TP15,hardware/pcb/approvals/system-owner-evt1-design-authorization.md
ECO-EVT1-U2-U7-TP9-TP15,2026-08-25,L1,Electrical Owner,MIGRATE_PRISTINE_PENDING_ROLE,TDK ACT45B-101-2P-TL003,TDK ACT45B-101-2P-TL003,8bd6e5783d06f4d9843280ec2a9fefa463ba92380c1dc87a954b52f28e142c0f,641aa677b7da8f71aaec47c7467b7d23e32a90c39661ddd0fe281ee040dd60f7,EVT1,Implement Q36SR12020NRFH and NXF1S0305MC-R7 design candidates and TP9-TP15,hardware/pcb/approvals/system-owner-evt1-design-authorization.md
ECO-EVT1-U2-U7-TP9-TP15,2026-08-25,L1,Procurement Owner,MIGRATE_PRISTINE_PENDING_ROLE,TDK ACT45B-101-2P-TL003,TDK ACT45B-101-2P-TL003,8bd6e5783d06f4d9843280ec2a9fefa463ba92380c1dc87a954b52f28e142c0f,641aa677b7da8f71aaec47c7467b7d23e32a90c39661ddd0fe281ee040dd60f7,EVT1,Implement Q36SR12020NRFH and NXF1S0305MC-R7 design candidates and TP9-TP15,hardware/pcb/approvals/system-owner-evt1-design-authorization.md
ECO-EVT1-U2-U7-TP9-TP15,2026-08-25,Q1 Q2,Electrical Owner,MIGRATE_PRISTINE_PENDING_ROLE,Infineon BSC093N15NS5ATMA1,Infineon BSC093N15NS5ATMA1,8bd6e5783d06f4d9843280ec2a9fefa463ba92380c1dc87a954b52f28e142c0f,641aa677b7da8f71aaec47c7467b7d23e32a90c39661ddd0fe281ee040dd60f7,EVT1,Implement Q36SR12020NRFH and NXF1S0305MC-R7 design candidates and TP9-TP15,hardware/pcb/approvals/system-owner-evt1-design-authorization.md
ECO-EVT1-U2-U7-TP9-TP15,2026-08-25,Q1 Q2,Procurement Owner,MIGRATE_PRISTINE_PENDING_ROLE,Infineon BSC093N15NS5ATMA1,Infineon BSC093N15NS5ATMA1,8bd6e5783d06f4d9843280ec2a9fefa463ba92380c1dc87a954b52f28e142c0f,641aa677b7da8f71aaec47c7467b7d23e32a90c39661ddd0fe281ee040dd60f7,EVT1,Implement Q36SR12020NRFH and NXF1S0305MC-R7 design candidates and TP9-TP15,hardware/pcb/approvals/system-owner-evt1-design-authorization.md
ECO-EVT1-U2-U7-TP9-TP15,2026-08-25,R30 R31 R32 R33 R34 R35 R36 R37 R38 R39 R40 R41 R42,Firmware Owner,MIGRATE_PRISTINE_PENDING_ROLE,33R; Resistor_SMD:R_0603_1608Metric,33R; Resistor_SMD:R_0603_1608Metric,8bd6e5783d06f4d9843280ec2a9fefa463ba92380c1dc87a954b52f28e142c0f,641aa677b7da8f71aaec47c7467b7d23e32a90c39661ddd0fe281ee040dd60f7,EVT1,Implement Q36SR12020NRFH and NXF1S0305MC-R7 design candidates and TP9-TP15,hardware/pcb/approvals/system-owner-evt1-design-authorization.md
ECO-EVT1-U2-U7-TP9-TP15,2026-08-25,R30 R31 R32 R33 R34 R35 R36 R37 R38 R39 R40 R41 R42,Electrical Owner,MIGRATE_PRISTINE_PENDING_ROLE,33R; Resistor_SMD:R_0603_1608Metric,33R; Resistor_SMD:R_0603_1608Metric,8bd6e5783d06f4d9843280ec2a9fefa463ba92380c1dc87a954b52f28e142c0f,641aa677b7da8f71aaec47c7467b7d23e32a90c39661ddd0fe281ee040dd60f7,EVT1,Implement Q36SR12020NRFH and NXF1S0305MC-R7 design candidates and TP9-TP15,hardware/pcb/approvals/system-owner-evt1-design-authorization.md
ECO-EVT1-U2-U7-TP9-TP15,2026-08-25,R30 R31 R32 R33 R34 R35 R36 R37 R38 R39 R40 R41 R42,Procurement Owner,MIGRATE_PRISTINE_PENDING_ROLE,33R; Resistor_SMD:R_0603_1608Metric,33R; Resistor_SMD:R_0603_1608Metric,8bd6e5783d06f4d9843280ec2a9fefa463ba92380c1dc87a954b52f28e142c0f,641aa677b7da8f71aaec47c7467b7d23e32a90c39661ddd0fe281ee040dd60f7,EVT1,Implement Q36SR12020NRFH and NXF1S0305MC-R7 design candidates and TP9-TP15,hardware/pcb/approvals/system-owner-evt1-design-authorization.md
ECO-EVT1-U2-U7-TP9-TP15,2026-08-25,R43,Firmware Owner,MIGRATE_PRISTINE_PENDING_ROLE,100k; Resistor_SMD:R_0603_1608Metric,100k; Resistor_SMD:R_0603_1608Metric,8bd6e5783d06f4d9843280ec2a9fefa463ba92380c1dc87a954b52f28e142c0f,641aa677b7da8f71aaec47c7467b7d23e32a90c39661ddd0fe281ee040dd60f7,EVT1,Implement Q36SR12020NRFH and NXF1S0305MC-R7 design candidates and TP9-TP15,hardware/pcb/approvals/system-owner-evt1-design-authorization.md
ECO-EVT1-U2-U7-TP9-TP15,2026-08-25,R43,Electrical Owner,MIGRATE_PRISTINE_PENDING_ROLE,100k; Resistor_SMD:R_0603_1608Metric,100k; Resistor_SMD:R_0603_1608Metric,8bd6e5783d06f4d9843280ec2a9fefa463ba92380c1dc87a954b52f28e142c0f,641aa677b7da8f71aaec47c7467b7d23e32a90c39661ddd0fe281ee040dd60f7,EVT1,Implement Q36SR12020NRFH and NXF1S0305MC-R7 design candidates and TP9-TP15,hardware/pcb/approvals/system-owner-evt1-design-authorization.md
ECO-EVT1-U2-U7-TP9-TP15,2026-08-25,R43,Procurement Owner,MIGRATE_PRISTINE_PENDING_ROLE,100k; Resistor_SMD:R_0603_1608Metric,100k; Resistor_SMD:R_0603_1608Metric,8bd6e5783d06f4d9843280ec2a9fefa463ba92380c1dc87a954b52f28e142c0f,641aa677b7da8f71aaec47c7467b7d23e32a90c39661ddd0fe281ee040dd60f7,EVT1,Implement Q36SR12020NRFH and NXF1S0305MC-R7 design candidates and TP9-TP15,hardware/pcb/approvals/system-owner-evt1-design-authorization.md
ECO-EVT1-U2-U7-TP9-TP15,2026-08-25,R44 R45 R57,Safety Owner,MIGRATE_PRISTINE_PENDING_ROLE,100k; Resistor_SMD:R_0603_1608Metric,100k; Resistor_SMD:R_0603_1608Metric,8bd6e5783d06f4d9843280ec2a9fefa463ba92380c1dc87a954b52f28e142c0f,641aa677b7da8f71aaec47c7467b7d23e32a90c39661ddd0fe281ee040dd60f7,EVT1,Implement Q36SR12020NRFH and NXF1S0305MC-R7 design candidates and TP9-TP15,hardware/pcb/approvals/system-owner-evt1-design-authorization.md
ECO-EVT1-U2-U7-TP9-TP15,2026-08-25,R44 R45 R57,Electrical Owner,MIGRATE_PRISTINE_PENDING_ROLE,100k; Resistor_SMD:R_0603_1608Metric,100k; Resistor_SMD:R_0603_1608Metric,8bd6e5783d06f4d9843280ec2a9fefa463ba92380c1dc87a954b52f28e142c0f,641aa677b7da8f71aaec47c7467b7d23e32a90c39661ddd0fe281ee040dd60f7,EVT1,Implement Q36SR12020NRFH and NXF1S0305MC-R7 design candidates and TP9-TP15,hardware/pcb/approvals/system-owner-evt1-design-authorization.md
ECO-EVT1-U2-U7-TP9-TP15,2026-08-25,R44 R45 R57,Procurement Owner,MIGRATE_PRISTINE_PENDING_ROLE,100k; Resistor_SMD:R_0603_1608Metric,100k; Resistor_SMD:R_0603_1608Metric,8bd6e5783d06f4d9843280ec2a9fefa463ba92380c1dc87a954b52f28e142c0f,641aa677b7da8f71aaec47c7467b7d23e32a90c39661ddd0fe281ee040dd60f7,EVT1,Implement Q36SR12020NRFH and NXF1S0305MC-R7 design candidates and TP9-TP15,hardware/pcb/approvals/system-owner-evt1-design-authorization.md
ECO-EVT1-U2-U7-TP9-TP15,2026-08-25,R46,Electrical Owner,MIGRATE_PRISTINE_PENDING_ROLE,100k; Resistor_SMD:R_0603_1608Metric,100k; Resistor_SMD:R_0603_1608Metric,8bd6e5783d06f4d9843280ec2a9fefa463ba92380c1dc87a954b52f28e142c0f,641aa677b7da8f71aaec47c7467b7d23e32a90c39661ddd0fe281ee040dd60f7,EVT1,Implement Q36SR12020NRFH and NXF1S0305MC-R7 design candidates and TP9-TP15,hardware/pcb/approvals/system-owner-evt1-design-authorization.md
ECO-EVT1-U2-U7-TP9-TP15,2026-08-25,R46,Procurement Owner,MIGRATE_PRISTINE_PENDING_ROLE,100k; Resistor_SMD:R_0603_1608Metric,100k; Resistor_SMD:R_0603_1608Metric,8bd6e5783d06f4d9843280ec2a9fefa463ba92380c1dc87a954b52f28e142c0f,641aa677b7da8f71aaec47c7467b7d23e32a90c39661ddd0fe281ee040dd60f7,EVT1,Implement Q36SR12020NRFH and NXF1S0305MC-R7 design candidates and TP9-TP15,hardware/pcb/approvals/system-owner-evt1-design-authorization.md
ECO-EVT1-U2-U7-TP9-TP15,2026-08-25,R47 R51 RPG3,Electrical Owner,MIGRATE_PRISTINE_PENDING_ROLE,10k; Resistor_SMD:R_0603_1608Metric,10k; Resistor_SMD:R_0603_1608Metric,8bd6e5783d06f4d9843280ec2a9fefa463ba92380c1dc87a954b52f28e142c0f,641aa677b7da8f71aaec47c7467b7d23e32a90c39661ddd0fe281ee040dd60f7,EVT1,Implement Q36SR12020NRFH and NXF1S0305MC-R7 design candidates and TP9-TP15,hardware/pcb/approvals/system-owner-evt1-design-authorization.md
ECO-EVT1-U2-U7-TP9-TP15,2026-08-25,R47 R51 RPG3,Procurement Owner,MIGRATE_PRISTINE_PENDING_ROLE,10k; Resistor_SMD:R_0603_1608Metric,10k; Resistor_SMD:R_0603_1608Metric,8bd6e5783d06f4d9843280ec2a9fefa463ba92380c1dc87a954b52f28e142c0f,641aa677b7da8f71aaec47c7467b7d23e32a90c39661ddd0fe281ee040dd60f7,EVT1,Implement Q36SR12020NRFH and NXF1S0305MC-R7 design candidates and TP9-TP15,hardware/pcb/approvals/system-owner-evt1-design-authorization.md
ECO-EVT1-U2-U7-TP9-TP15,2026-08-25,R48,Electrical Owner,MIGRATE_PRISTINE_PENDING_ROLE,3.00k 1%; Resistor_SMD:R_0603_1608Metric,3.00k 1%; Resistor_SMD:R_0603_1608Metric,8bd6e5783d06f4d9843280ec2a9fefa463ba92380c1dc87a954b52f28e142c0f,641aa677b7da8f71aaec47c7467b7d23e32a90c39661ddd0fe281ee040dd60f7,EVT1,Implement Q36SR12020NRFH and NXF1S0305MC-R7 design candidates and TP9-TP15,hardware/pcb/approvals/system-owner-evt1-design-authorization.md
ECO-EVT1-U2-U7-TP9-TP15,2026-08-25,R48,Procurement Owner,MIGRATE_PRISTINE_PENDING_ROLE,3.00k 1%; Resistor_SMD:R_0603_1608Metric,3.00k 1%; Resistor_SMD:R_0603_1608Metric,8bd6e5783d06f4d9843280ec2a9fefa463ba92380c1dc87a954b52f28e142c0f,641aa677b7da8f71aaec47c7467b7d23e32a90c39661ddd0fe281ee040dd60f7,EVT1,Implement Q36SR12020NRFH and NXF1S0305MC-R7 design candidates and TP9-TP15,hardware/pcb/approvals/system-owner-evt1-design-authorization.md
ECO-EVT1-U2-U7-TP9-TP15,2026-08-25,R49 R50,Safety Owner,MIGRATE_PRISTINE_PENDING_ROLE,10k; Resistor_SMD:R_0603_1608Metric,10k; Resistor_SMD:R_0603_1608Metric,8bd6e5783d06f4d9843280ec2a9fefa463ba92380c1dc87a954b52f28e142c0f,641aa677b7da8f71aaec47c7467b7d23e32a90c39661ddd0fe281ee040dd60f7,EVT1,Implement Q36SR12020NRFH and NXF1S0305MC-R7 design candidates and TP9-TP15,hardware/pcb/approvals/system-owner-evt1-design-authorization.md
ECO-EVT1-U2-U7-TP9-TP15,2026-08-25,R49 R50,Electrical Owner,MIGRATE_PRISTINE_PENDING_ROLE,10k; Resistor_SMD:R_0603_1608Metric,10k; Resistor_SMD:R_0603_1608Metric,8bd6e5783d06f4d9843280ec2a9fefa463ba92380c1dc87a954b52f28e142c0f,641aa677b7da8f71aaec47c7467b7d23e32a90c39661ddd0fe281ee040dd60f7,EVT1,Implement Q36SR12020NRFH and NXF1S0305MC-R7 design candidates and TP9-TP15,hardware/pcb/approvals/system-owner-evt1-design-authorization.md
ECO-EVT1-U2-U7-TP9-TP15,2026-08-25,R49 R50,Procurement Owner,MIGRATE_PRISTINE_PENDING_ROLE,10k; Resistor_SMD:R_0603_1608Metric,10k; Resistor_SMD:R_0603_1608Metric,8bd6e5783d06f4d9843280ec2a9fefa463ba92380c1dc87a954b52f28e142c0f,641aa677b7da8f71aaec47c7467b7d23e32a90c39661ddd0fe281ee040dd60f7,EVT1,Implement Q36SR12020NRFH and NXF1S0305MC-R7 design candidates and TP9-TP15,hardware/pcb/approvals/system-owner-evt1-design-authorization.md
ECO-EVT1-U2-U7-TP9-TP15,2026-08-25,R52 R53,Safety Owner,MIGRATE_PRISTINE_PENDING_ROLE,4.7k; Resistor_SMD:R_0603_1608Metric,4.7k; Resistor_SMD:R_0603_1608Metric,8bd6e5783d06f4d9843280ec2a9fefa463ba92380c1dc87a954b52f28e142c0f,641aa677b7da8f71aaec47c7467b7d23e32a90c39661ddd0fe281ee040dd60f7,EVT1,Implement Q36SR12020NRFH and NXF1S0305MC-R7 design candidates and TP9-TP15,hardware/pcb/approvals/system-owner-evt1-design-authorization.md
ECO-EVT1-U2-U7-TP9-TP15,2026-08-25,R52 R53,Electrical Owner,MIGRATE_PRISTINE_PENDING_ROLE,4.7k; Resistor_SMD:R_0603_1608Metric,4.7k; Resistor_SMD:R_0603_1608Metric,8bd6e5783d06f4d9843280ec2a9fefa463ba92380c1dc87a954b52f28e142c0f,641aa677b7da8f71aaec47c7467b7d23e32a90c39661ddd0fe281ee040dd60f7,EVT1,Implement Q36SR12020NRFH and NXF1S0305MC-R7 design candidates and TP9-TP15,hardware/pcb/approvals/system-owner-evt1-design-authorization.md
ECO-EVT1-U2-U7-TP9-TP15,2026-08-25,R52 R53,Procurement Owner,MIGRATE_PRISTINE_PENDING_ROLE,4.7k; Resistor_SMD:R_0603_1608Metric,4.7k; Resistor_SMD:R_0603_1608Metric,8bd6e5783d06f4d9843280ec2a9fefa463ba92380c1dc87a954b52f28e142c0f,641aa677b7da8f71aaec47c7467b7d23e32a90c39661ddd0fe281ee040dd60f7,EVT1,Implement Q36SR12020NRFH and NXF1S0305MC-R7 design candidates and TP9-TP15,hardware/pcb/approvals/system-owner-evt1-design-authorization.md
ECO-EVT1-U2-U7-TP9-TP15,2026-08-25,R54,Firmware Owner,MIGRATE_PRISTINE_PENDING_ROLE,10k; Resistor_SMD:R_0603_1608Metric,10k; Resistor_SMD:R_0603_1608Metric,8bd6e5783d06f4d9843280ec2a9fefa463ba92380c1dc87a954b52f28e142c0f,641aa677b7da8f71aaec47c7467b7d23e32a90c39661ddd0fe281ee040dd60f7,EVT1,Implement Q36SR12020NRFH and NXF1S0305MC-R7 design candidates and TP9-TP15,hardware/pcb/approvals/system-owner-evt1-design-authorization.md
ECO-EVT1-U2-U7-TP9-TP15,2026-08-25,R54,Electrical Owner,MIGRATE_PRISTINE_PENDING_ROLE,10k; Resistor_SMD:R_0603_1608Metric,10k; Resistor_SMD:R_0603_1608Metric,8bd6e5783d06f4d9843280ec2a9fefa463ba92380c1dc87a954b52f28e142c0f,641aa677b7da8f71aaec47c7467b7d23e32a90c39661ddd0fe281ee040dd60f7,EVT1,Implement Q36SR12020NRFH and NXF1S0305MC-R7 design candidates and TP9-TP15,hardware/pcb/approvals/system-owner-evt1-design-authorization.md
ECO-EVT1-U2-U7-TP9-TP15,2026-08-25,R54,Procurement Owner,MIGRATE_PRISTINE_PENDING_ROLE,10k; Resistor_SMD:R_0603_1608Metric,10k; Resistor_SMD:R_0603_1608Metric,8bd6e5783d06f4d9843280ec2a9fefa463ba92380c1dc87a954b52f28e142c0f,641aa677b7da8f71aaec47c7467b7d23e32a90c39661ddd0fe281ee040dd60f7,EVT1,Implement Q36SR12020NRFH and NXF1S0305MC-R7 design candidates and TP9-TP15,hardware/pcb/approvals/system-owner-evt1-design-authorization.md
ECO-EVT1-U2-U7-TP9-TP15,2026-08-25,R55 R56,Firmware Owner,MIGRATE_PRISTINE_PENDING_ROLE,4.7k; Resistor_SMD:R_0603_1608Metric,4.7k; Resistor_SMD:R_0603_1608Metric,8bd6e5783d06f4d9843280ec2a9fefa463ba92380c1dc87a954b52f28e142c0f,641aa677b7da8f71aaec47c7467b7d23e32a90c39661ddd0fe281ee040dd60f7,EVT1,Implement Q36SR12020NRFH and NXF1S0305MC-R7 design candidates and TP9-TP15,hardware/pcb/approvals/system-owner-evt1-design-authorization.md
ECO-EVT1-U2-U7-TP9-TP15,2026-08-25,R55 R56,Electrical Owner,MIGRATE_PRISTINE_PENDING_ROLE,4.7k; Resistor_SMD:R_0603_1608Metric,4.7k; Resistor_SMD:R_0603_1608Metric,8bd6e5783d06f4d9843280ec2a9fefa463ba92380c1dc87a954b52f28e142c0f,641aa677b7da8f71aaec47c7467b7d23e32a90c39661ddd0fe281ee040dd60f7,EVT1,Implement Q36SR12020NRFH and NXF1S0305MC-R7 design candidates and TP9-TP15,hardware/pcb/approvals/system-owner-evt1-design-authorization.md
ECO-EVT1-U2-U7-TP9-TP15,2026-08-25,R55 R56,Procurement Owner,MIGRATE_PRISTINE_PENDING_ROLE,4.7k; Resistor_SMD:R_0603_1608Metric,4.7k; Resistor_SMD:R_0603_1608Metric,8bd6e5783d06f4d9843280ec2a9fefa463ba92380c1dc87a954b52f28e142c0f,641aa677b7da8f71aaec47c7467b7d23e32a90c39661ddd0fe281ee040dd60f7,EVT1,Implement Q36SR12020NRFH and NXF1S0305MC-R7 design candidates and TP9-TP15,hardware/pcb/approvals/system-owner-evt1-design-authorization.md
ECO-EVT1-U2-U7-TP9-TP15,2026-08-25,R58,Electrical Owner,MIGRATE_PRISTINE_PENDING_ROLE,120R 1%; Resistor_SMD:R_1206_3216Metric,120R 1%; Resistor_SMD:R_1206_3216Metric,8bd6e5783d06f4d9843280ec2a9fefa463ba92380c1dc87a954b52f28e142c0f,641aa677b7da8f71aaec47c7467b7d23e32a90c39661ddd0fe281ee040dd60f7,EVT1,Implement Q36SR12020NRFH and NXF1S0305MC-R7 design candidates and TP9-TP15,hardware/pcb/approvals/system-owner-evt1-design-authorization.md
ECO-EVT1-U2-U7-TP9-TP15,2026-08-25,R58,Procurement Owner,MIGRATE_PRISTINE_PENDING_ROLE,120R 1%; Resistor_SMD:R_1206_3216Metric,120R 1%; Resistor_SMD:R_1206_3216Metric,8bd6e5783d06f4d9843280ec2a9fefa463ba92380c1dc87a954b52f28e142c0f,641aa677b7da8f71aaec47c7467b7d23e32a90c39661ddd0fe281ee040dd60f7,EVT1,Implement Q36SR12020NRFH and NXF1S0305MC-R7 design candidates and TP9-TP15,hardware/pcb/approvals/system-owner-evt1-design-authorization.md
ECO-EVT1-U2-U7-TP9-TP15,2026-08-25,R59,Electrical Owner,MIGRATE_PRISTINE_PENDING_ROLE,73.2k 1%; Resistor_SMD:R_0603_1608Metric,73.2k 1%; Resistor_SMD:R_0603_1608Metric,8bd6e5783d06f4d9843280ec2a9fefa463ba92380c1dc87a954b52f28e142c0f,641aa677b7da8f71aaec47c7467b7d23e32a90c39661ddd0fe281ee040dd60f7,EVT1,Implement Q36SR12020NRFH and NXF1S0305MC-R7 design candidates and TP9-TP15,hardware/pcb/approvals/system-owner-evt1-design-authorization.md
ECO-EVT1-U2-U7-TP9-TP15,2026-08-25,R59,Procurement Owner,MIGRATE_PRISTINE_PENDING_ROLE,73.2k 1%; Resistor_SMD:R_0603_1608Metric,73.2k 1%; Resistor_SMD:R_0603_1608Metric,8bd6e5783d06f4d9843280ec2a9fefa463ba92380c1dc87a954b52f28e142c0f,641aa677b7da8f71aaec47c7467b7d23e32a90c39661ddd0fe281ee040dd60f7,EVT1,Implement Q36SR12020NRFH and NXF1S0305MC-R7 design candidates and TP9-TP15,hardware/pcb/approvals/system-owner-evt1-design-authorization.md
ECO-EVT1-U2-U7-TP9-TP15,2026-08-25,R60,Electrical Owner,MIGRATE_PRISTINE_PENDING_ROLE,10.0k 1%; Resistor_SMD:R_0603_1608Metric,10.0k 1%; Resistor_SMD:R_0603_1608Metric,8bd6e5783d06f4d9843280ec2a9fefa463ba92380c1dc87a954b52f28e142c0f,641aa677b7da8f71aaec47c7467b7d23e32a90c39661ddd0fe281ee040dd60f7,EVT1,Implement Q36SR12020NRFH and NXF1S0305MC-R7 design candidates and TP9-TP15,hardware/pcb/approvals/system-owner-evt1-design-authorization.md
ECO-EVT1-U2-U7-TP9-TP15,2026-08-25,R60,Procurement Owner,MIGRATE_PRISTINE_PENDING_ROLE,10.0k 1%; Resistor_SMD:R_0603_1608Metric,10.0k 1%; Resistor_SMD:R_0603_1608Metric,8bd6e5783d06f4d9843280ec2a9fefa463ba92380c1dc87a954b52f28e142c0f,641aa677b7da8f71aaec47c7467b7d23e32a90c39661ddd0fe281ee040dd60f7,EVT1,Implement Q36SR12020NRFH and NXF1S0305MC-R7 design candidates and TP9-TP15,hardware/pcb/approvals/system-owner-evt1-design-authorization.md
ECO-EVT1-U2-U7-TP9-TP15,2026-08-25,RFB1,Electrical Owner,MIGRATE_PRISTINE_PENDING_ROLE,45.0k 1%; Resistor_SMD:R_0603_1608Metric,45.0k 1%; Resistor_SMD:R_0603_1608Metric,8bd6e5783d06f4d9843280ec2a9fefa463ba92380c1dc87a954b52f28e142c0f,641aa677b7da8f71aaec47c7467b7d23e32a90c39661ddd0fe281ee040dd60f7,EVT1,Implement Q36SR12020NRFH and NXF1S0305MC-R7 design candidates and TP9-TP15,hardware/pcb/approvals/system-owner-evt1-design-authorization.md
ECO-EVT1-U2-U7-TP9-TP15,2026-08-25,RFB1,Procurement Owner,MIGRATE_PRISTINE_PENDING_ROLE,45.0k 1%; Resistor_SMD:R_0603_1608Metric,45.0k 1%; Resistor_SMD:R_0603_1608Metric,8bd6e5783d06f4d9843280ec2a9fefa463ba92380c1dc87a954b52f28e142c0f,641aa677b7da8f71aaec47c7467b7d23e32a90c39661ddd0fe281ee040dd60f7,EVT1,Implement Q36SR12020NRFH and NXF1S0305MC-R7 design candidates and TP9-TP15,hardware/pcb/approvals/system-owner-evt1-design-authorization.md
ECO-EVT1-U2-U7-TP9-TP15,2026-08-25,RFB2,Electrical Owner,MIGRATE_PRISTINE_PENDING_ROLE,10.0k 1%; Resistor_SMD:R_0603_1608Metric,10.0k 1%; Resistor_SMD:R_0603_1608Metric,8bd6e5783d06f4d9843280ec2a9fefa463ba92380c1dc87a954b52f28e142c0f,641aa677b7da8f71aaec47c7467b7d23e32a90c39661ddd0fe281ee040dd60f7,EVT1,Implement Q36SR12020NRFH and NXF1S0305MC-R7 design candidates and TP9-TP15,hardware/pcb/approvals/system-owner-evt1-design-authorization.md
ECO-EVT1-U2-U7-TP9-TP15,2026-08-25,RFB2,Procurement Owner,MIGRATE_PRISTINE_PENDING_ROLE,10.0k 1%; Resistor_SMD:R_0603_1608Metric,10.0k 1%; Resistor_SMD:R_0603_1608Metric,8bd6e5783d06f4d9843280ec2a9fefa463ba92380c1dc87a954b52f28e142c0f,641aa677b7da8f71aaec47c7467b7d23e32a90c39661ddd0fe281ee040dd60f7,EVT1,Implement Q36SR12020NRFH and NXF1S0305MC-R7 design candidates and TP9-TP15,hardware/pcb/approvals/system-owner-evt1-design-authorization.md
ECO-EVT1-U2-U7-TP9-TP15,2026-08-25,RG1,Electrical Owner,MIGRATE_PRISTINE_PENDING_ROLE,22k; Resistor_SMD:R_0603_1608Metric,22k; Resistor_SMD:R_0603_1608Metric,8bd6e5783d06f4d9843280ec2a9fefa463ba92380c1dc87a954b52f28e142c0f,641aa677b7da8f71aaec47c7467b7d23e32a90c39661ddd0fe281ee040dd60f7,EVT1,Implement Q36SR12020NRFH and NXF1S0305MC-R7 design candidates and TP9-TP15,hardware/pcb/approvals/system-owner-evt1-design-authorization.md
ECO-EVT1-U2-U7-TP9-TP15,2026-08-25,RG1,Procurement Owner,MIGRATE_PRISTINE_PENDING_ROLE,22k; Resistor_SMD:R_0603_1608Metric,22k; Resistor_SMD:R_0603_1608Metric,8bd6e5783d06f4d9843280ec2a9fefa463ba92380c1dc87a954b52f28e142c0f,641aa677b7da8f71aaec47c7467b7d23e32a90c39661ddd0fe281ee040dd60f7,EVT1,Implement Q36SR12020NRFH and NXF1S0305MC-R7 design candidates and TP9-TP15,hardware/pcb/approvals/system-owner-evt1-design-authorization.md
ECO-EVT1-U2-U7-TP9-TP15,2026-08-25,RPG1,Electrical Owner,MIGRATE_PRISTINE_PENDING_ROLE,453k 1%; Resistor_SMD:R_0603_1608Metric,453k 1%; Resistor_SMD:R_0603_1608Metric,8bd6e5783d06f4d9843280ec2a9fefa463ba92380c1dc87a954b52f28e142c0f,641aa677b7da8f71aaec47c7467b7d23e32a90c39661ddd0fe281ee040dd60f7,EVT1,Implement Q36SR12020NRFH and NXF1S0305MC-R7 design candidates and TP9-TP15,hardware/pcb/approvals/system-owner-evt1-design-authorization.md
ECO-EVT1-U2-U7-TP9-TP15,2026-08-25,RPG1,Procurement Owner,MIGRATE_PRISTINE_PENDING_ROLE,453k 1%; Resistor_SMD:R_0603_1608Metric,453k 1%; Resistor_SMD:R_0603_1608Metric,8bd6e5783d06f4d9843280ec2a9fefa463ba92380c1dc87a954b52f28e142c0f,641aa677b7da8f71aaec47c7467b7d23e32a90c39661ddd0fe281ee040dd60f7,EVT1,Implement Q36SR12020NRFH and NXF1S0305MC-R7 design candidates and TP9-TP15,hardware/pcb/approvals/system-owner-evt1-design-authorization.md
ECO-EVT1-U2-U7-TP9-TP15,2026-08-25,RPG2,Electrical Owner,MIGRATE_PRISTINE_PENDING_ROLE,56.0k 1%; Resistor_SMD:R_0603_1608Metric,56.0k 1%; Resistor_SMD:R_0603_1608Metric,8bd6e5783d06f4d9843280ec2a9fefa463ba92380c1dc87a954b52f28e142c0f,641aa677b7da8f71aaec47c7467b7d23e32a90c39661ddd0fe281ee040dd60f7,EVT1,Implement Q36SR12020NRFH and NXF1S0305MC-R7 design candidates and TP9-TP15,hardware/pcb/approvals/system-owner-evt1-design-authorization.md
ECO-EVT1-U2-U7-TP9-TP15,2026-08-25,RPG2,Procurement Owner,MIGRATE_PRISTINE_PENDING_ROLE,56.0k 1%; Resistor_SMD:R_0603_1608Metric,56.0k 1%; Resistor_SMD:R_0603_1608Metric,8bd6e5783d06f4d9843280ec2a9fefa463ba92380c1dc87a954b52f28e142c0f,641aa677b7da8f71aaec47c7467b7d23e32a90c39661ddd0fe281ee040dd60f7,EVT1,Implement Q36SR12020NRFH and NXF1S0305MC-R7 design candidates and TP9-TP15,hardware/pcb/approvals/system-owner-evt1-design-authorization.md
ECO-EVT1-U2-U7-TP9-TP15,2026-08-25,RS1,Electrical Owner,MIGRATE_PRISTINE_PENDING_ROLE,Vishay WSL3637R0060FEA,Vishay WSL3637R0060FEA,8bd6e5783d06f4d9843280ec2a9fefa463ba92380c1dc87a954b52f28e142c0f,641aa677b7da8f71aaec47c7467b7d23e32a90c39661ddd0fe281ee040dd60f7,EVT1,Implement Q36SR12020NRFH and NXF1S0305MC-R7 design candidates and TP9-TP15,hardware/pcb/approvals/system-owner-evt1-design-authorization.md
ECO-EVT1-U2-U7-TP9-TP15,2026-08-25,RS1,Procurement Owner,MIGRATE_PRISTINE_PENDING_ROLE,Vishay WSL3637R0060FEA,Vishay WSL3637R0060FEA,8bd6e5783d06f4d9843280ec2a9fefa463ba92380c1dc87a954b52f28e142c0f,641aa677b7da8f71aaec47c7467b7d23e32a90c39661ddd0fe281ee040dd60f7,EVT1,Implement Q36SR12020NRFH and NXF1S0305MC-R7 design candidates and TP9-TP15,hardware/pcb/approvals/system-owner-evt1-design-authorization.md
ECO-EVT1-U2-U7-TP9-TP15,2026-08-25,RSH1,Electrical Owner,MIGRATE_PRISTINE_PENDING_ROLE,510k; Resistor_SMD:R_0603_1608Metric,510k; Resistor_SMD:R_0603_1608Metric,8bd6e5783d06f4d9843280ec2a9fefa463ba92380c1dc87a954b52f28e142c0f,641aa677b7da8f71aaec47c7467b7d23e32a90c39661ddd0fe281ee040dd60f7,EVT1,Implement Q36SR12020NRFH and NXF1S0305MC-R7 design candidates and TP9-TP15,hardware/pcb/approvals/system-owner-evt1-design-authorization.md
ECO-EVT1-U2-U7-TP9-TP15,2026-08-25,RSH1,Procurement Owner,MIGRATE_PRISTINE_PENDING_ROLE,510k; Resistor_SMD:R_0603_1608Metric,510k; Resistor_SMD:R_0603_1608Metric,8bd6e5783d06f4d9843280ec2a9fefa463ba92380c1dc87a954b52f28e142c0f,641aa677b7da8f71aaec47c7467b7d23e32a90c39661ddd0fe281ee040dd60f7,EVT1,Implement Q36SR12020NRFH and NXF1S0305MC-R7 design candidates and TP9-TP15,hardware/pcb/approvals/system-owner-evt1-design-authorization.md
ECO-EVT1-U2-U7-TP9-TP15,2026-08-25,RUV1,Electrical Owner,MIGRATE_PRISTINE_PENDING_ROLE,19.6M 1%; Resistor_SMD:R_1206_3216Metric,19.6M 1%; Resistor_SMD:R_1206_3216Metric,8bd6e5783d06f4d9843280ec2a9fefa463ba92380c1dc87a954b52f28e142c0f,641aa677b7da8f71aaec47c7467b7d23e32a90c39661ddd0fe281ee040dd60f7,EVT1,Implement Q36SR12020NRFH and NXF1S0305MC-R7 design candidates and TP9-TP15,hardware/pcb/approvals/system-owner-evt1-design-authorization.md
ECO-EVT1-U2-U7-TP9-TP15,2026-08-25,RUV1,Procurement Owner,MIGRATE_PRISTINE_PENDING_ROLE,19.6M 1%; Resistor_SMD:R_1206_3216Metric,19.6M 1%; Resistor_SMD:R_1206_3216Metric,8bd6e5783d06f4d9843280ec2a9fefa463ba92380c1dc87a954b52f28e142c0f,641aa677b7da8f71aaec47c7467b7d23e32a90c39661ddd0fe281ee040dd60f7,EVT1,Implement Q36SR12020NRFH and NXF1S0305MC-R7 design candidates and TP9-TP15,hardware/pcb/approvals/system-owner-evt1-design-authorization.md
ECO-EVT1-U2-U7-TP9-TP15,2026-08-25,RUV2,Electrical Owner,MIGRATE_PRISTINE_PENDING_ROLE,133k 1%; Resistor_SMD:R_0603_1608Metric,133k 1%; Resistor_SMD:R_0603_1608Metric,8bd6e5783d06f4d9843280ec2a9fefa463ba92380c1dc87a954b52f28e142c0f,641aa677b7da8f71aaec47c7467b7d23e32a90c39661ddd0fe281ee040dd60f7,EVT1,Implement Q36SR12020NRFH and NXF1S0305MC-R7 design candidates and TP9-TP15,hardware/pcb/approvals/system-owner-evt1-design-authorization.md
ECO-EVT1-U2-U7-TP9-TP15,2026-08-25,RUV2,Procurement Owner,MIGRATE_PRISTINE_PENDING_ROLE,133k 1%; Resistor_SMD:R_0603_1608Metric,133k 1%; Resistor_SMD:R_0603_1608Metric,8bd6e5783d06f4d9843280ec2a9fefa463ba92380c1dc87a954b52f28e142c0f,641aa677b7da8f71aaec47c7467b7d23e32a90c39661ddd0fe281ee040dd60f7,EVT1,Implement Q36SR12020NRFH and NXF1S0305MC-R7 design candidates and TP9-TP15,hardware/pcb/approvals/system-owner-evt1-design-authorization.md
ECO-EVT1-U2-U7-TP9-TP15,2026-08-25,RUV3,Electrical Owner,MIGRATE_PRISTINE_PENDING_ROLE,162k 1%; Resistor_SMD:R_0603_1608Metric,162k 1%; Resistor_SMD:R_0603_1608Metric,8bd6e5783d06f4d9843280ec2a9fefa463ba92380c1dc87a954b52f28e142c0f,641aa677b7da8f71aaec47c7467b7d23e32a90c39661ddd0fe281ee040dd60f7,EVT1,Implement Q36SR12020NRFH and NXF1S0305MC-R7 design candidates and TP9-TP15,hardware/pcb/approvals/system-owner-evt1-design-authorization.md
ECO-EVT1-U2-U7-TP9-TP15,2026-08-25,RUV3,Procurement Owner,MIGRATE_PRISTINE_PENDING_ROLE,162k 1%; Resistor_SMD:R_0603_1608Metric,162k 1%; Resistor_SMD:R_0603_1608Metric,8bd6e5783d06f4d9843280ec2a9fefa463ba92380c1dc87a954b52f28e142c0f,641aa677b7da8f71aaec47c7467b7d23e32a90c39661ddd0fe281ee040dd60f7,EVT1,Implement Q36SR12020NRFH and NXF1S0305MC-R7 design candidates and TP9-TP15,hardware/pcb/approvals/system-owner-evt1-design-authorization.md
ECO-EVT1-U2-U7-TP9-TP15,2026-08-25,U1,Electrical Owner,MIGRATE_PRISTINE_PENDING_ROLE,LTC4368HMS-2#PBF,LTC4368HMS-2#PBF,8bd6e5783d06f4d9843280ec2a9fefa463ba92380c1dc87a954b52f28e142c0f,641aa677b7da8f71aaec47c7467b7d23e32a90c39661ddd0fe281ee040dd60f7,EVT1,Implement Q36SR12020NRFH and NXF1S0305MC-R7 design candidates and TP9-TP15,hardware/pcb/approvals/system-owner-evt1-design-authorization.md
ECO-EVT1-U2-U7-TP9-TP15,2026-08-25,U1,Procurement Owner,MIGRATE_PRISTINE_PENDING_ROLE,LTC4368HMS-2#PBF,LTC4368HMS-2#PBF,8bd6e5783d06f4d9843280ec2a9fefa463ba92380c1dc87a954b52f28e142c0f,641aa677b7da8f71aaec47c7467b7d23e32a90c39661ddd0fe281ee040dd60f7,EVT1,Implement Q36SR12020NRFH and NXF1S0305MC-R7 design candidates and TP9-TP15,hardware/pcb/approvals/system-owner-evt1-design-authorization.md
ECO-EVT1-U2-U7-TP9-TP15,2026-08-25,U2,Electrical Owner,MIGRATE_PRISTINE_PENDING_ROLE,TBD_36_60V_TO_12V_240W_ISOLATED,Q36SR12020NRFH,8bd6e5783d06f4d9843280ec2a9fefa463ba92380c1dc87a954b52f28e142c0f,641aa677b7da8f71aaec47c7467b7d23e32a90c39661ddd0fe281ee040dd60f7,EVT1,Implement Q36SR12020NRFH and NXF1S0305MC-R7 design candidates and TP9-TP15,hardware/pcb/approvals/system-owner-evt1-design-authorization.md
ECO-EVT1-U2-U7-TP9-TP15,2026-08-25,U2,Procurement Owner,MIGRATE_PRISTINE_PENDING_ROLE,TBD_36_60V_TO_12V_240W_ISOLATED,Q36SR12020NRFH,8bd6e5783d06f4d9843280ec2a9fefa463ba92380c1dc87a954b52f28e142c0f,641aa677b7da8f71aaec47c7467b7d23e32a90c39661ddd0fe281ee040dd60f7,EVT1,Implement Q36SR12020NRFH and NXF1S0305MC-R7 design candidates and TP9-TP15,hardware/pcb/approvals/system-owner-evt1-design-authorization.md
ECO-EVT1-U2-U7-TP9-TP15,2026-08-25,U3,Electrical Owner,MIGRATE_PRISTINE_PENDING_ROLE,Texas Instruments TPS26633RGER,Texas Instruments TPS26633RGER,8bd6e5783d06f4d9843280ec2a9fefa463ba92380c1dc87a954b52f28e142c0f,641aa677b7da8f71aaec47c7467b7d23e32a90c39661ddd0fe281ee040dd60f7,EVT1,Implement Q36SR12020NRFH and NXF1S0305MC-R7 design candidates and TP9-TP15,hardware/pcb/approvals/system-owner-evt1-design-authorization.md
ECO-EVT1-U2-U7-TP9-TP15,2026-08-25,U3,Procurement Owner,MIGRATE_PRISTINE_PENDING_ROLE,Texas Instruments TPS26633RGER,Texas Instruments TPS26633RGER,8bd6e5783d06f4d9843280ec2a9fefa463ba92380c1dc87a954b52f28e142c0f,641aa677b7da8f71aaec47c7467b7d23e32a90c39661ddd0fe281ee040dd60f7,EVT1,Implement Q36SR12020NRFH and NXF1S0305MC-R7 design candidates and TP9-TP15,hardware/pcb/approvals/system-owner-evt1-design-authorization.md
ECO-EVT1-U2-U7-TP9-TP15,2026-08-25,U4,Electrical Owner,MIGRATE_PRISTINE_PENDING_ROLE,RECOM RPL-5.0-R,RECOM RPL-5.0-R,8bd6e5783d06f4d9843280ec2a9fefa463ba92380c1dc87a954b52f28e142c0f,641aa677b7da8f71aaec47c7467b7d23e32a90c39661ddd0fe281ee040dd60f7,EVT1,Implement Q36SR12020NRFH and NXF1S0305MC-R7 design candidates and TP9-TP15,hardware/pcb/approvals/system-owner-evt1-design-authorization.md
ECO-EVT1-U2-U7-TP9-TP15,2026-08-25,U4,Procurement Owner,MIGRATE_PRISTINE_PENDING_ROLE,RECOM RPL-5.0-R,RECOM RPL-5.0-R,8bd6e5783d06f4d9843280ec2a9fefa463ba92380c1dc87a954b52f28e142c0f,641aa677b7da8f71aaec47c7467b7d23e32a90c39661ddd0fe281ee040dd60f7,EVT1,Implement Q36SR12020NRFH and NXF1S0305MC-R7 design candidates and TP9-TP15,hardware/pcb/approvals/system-owner-evt1-design-authorization.md
ECO-EVT1-U2-U7-TP9-TP15,2026-08-25,U5,Firmware Owner,MIGRATE_PRISTINE_PENDING_ROLE,WCH CH32V307VCT6,WCH CH32V307VCT6,8bd6e5783d06f4d9843280ec2a9fefa463ba92380c1dc87a954b52f28e142c0f,641aa677b7da8f71aaec47c7467b7d23e32a90c39661ddd0fe281ee040dd60f7,EVT1,Implement Q36SR12020NRFH and NXF1S0305MC-R7 design candidates and TP9-TP15,hardware/pcb/approvals/system-owner-evt1-design-authorization.md
ECO-EVT1-U2-U7-TP9-TP15,2026-08-25,U5,Electrical Owner,MIGRATE_PRISTINE_PENDING_ROLE,WCH CH32V307VCT6,WCH CH32V307VCT6,8bd6e5783d06f4d9843280ec2a9fefa463ba92380c1dc87a954b52f28e142c0f,641aa677b7da8f71aaec47c7467b7d23e32a90c39661ddd0fe281ee040dd60f7,EVT1,Implement Q36SR12020NRFH and NXF1S0305MC-R7 design candidates and TP9-TP15,hardware/pcb/approvals/system-owner-evt1-design-authorization.md
ECO-EVT1-U2-U7-TP9-TP15,2026-08-25,U5,Procurement Owner,MIGRATE_PRISTINE_PENDING_ROLE,WCH CH32V307VCT6,WCH CH32V307VCT6,8bd6e5783d06f4d9843280ec2a9fefa463ba92380c1dc87a954b52f28e142c0f,641aa677b7da8f71aaec47c7467b7d23e32a90c39661ddd0fe281ee040dd60f7,EVT1,Implement Q36SR12020NRFH and NXF1S0305MC-R7 design candidates and TP9-TP15,hardware/pcb/approvals/system-owner-evt1-design-authorization.md
ECO-EVT1-U2-U7-TP9-TP15,2026-08-25,U6,Electrical Owner,MIGRATE_PRISTINE_PENDING_ROLE,Texas Instruments ISO1042DWR,Texas Instruments ISO1042DWR,8bd6e5783d06f4d9843280ec2a9fefa463ba92380c1dc87a954b52f28e142c0f,641aa677b7da8f71aaec47c7467b7d23e32a90c39661ddd0fe281ee040dd60f7,EVT1,Implement Q36SR12020NRFH and NXF1S0305MC-R7 design candidates and TP9-TP15,hardware/pcb/approvals/system-owner-evt1-design-authorization.md
ECO-EVT1-U2-U7-TP9-TP15,2026-08-25,U6,Procurement Owner,MIGRATE_PRISTINE_PENDING_ROLE,Texas Instruments ISO1042DWR,Texas Instruments ISO1042DWR,8bd6e5783d06f4d9843280ec2a9fefa463ba92380c1dc87a954b52f28e142c0f,641aa677b7da8f71aaec47c7467b7d23e32a90c39661ddd0fe281ee040dd60f7,EVT1,Implement Q36SR12020NRFH and NXF1S0305MC-R7 design candidates and TP9-TP15,hardware/pcb/approvals/system-owner-evt1-design-authorization.md
ECO-EVT1-U2-U7-TP9-TP15,2026-08-25,U7,Electrical Owner,MIGRATE_PRISTINE_PENDING_ROLE,Murata MEJ1S0305SC,NXF1S0305MC-R7,8bd6e5783d06f4d9843280ec2a9fefa463ba92380c1dc87a954b52f28e142c0f,641aa677b7da8f71aaec47c7467b7d23e32a90c39661ddd0fe281ee040dd60f7,EVT1,Implement Q36SR12020NRFH and NXF1S0305MC-R7 design candidates and TP9-TP15,hardware/pcb/approvals/system-owner-evt1-design-authorization.md
ECO-EVT1-U2-U7-TP9-TP15,2026-08-25,U7,Safety Owner,MIGRATE_PRISTINE_PENDING_ROLE,Murata MEJ1S0305SC,NXF1S0305MC-R7,8bd6e5783d06f4d9843280ec2a9fefa463ba92380c1dc87a954b52f28e142c0f,641aa677b7da8f71aaec47c7467b7d23e32a90c39661ddd0fe281ee040dd60f7,EVT1,Implement Q36SR12020NRFH and NXF1S0305MC-R7 design candidates and TP9-TP15,hardware/pcb/approvals/system-owner-evt1-design-authorization.md
ECO-EVT1-U2-U7-TP9-TP15,2026-08-25,U7,Procurement Owner,MIGRATE_PRISTINE_PENDING_ROLE,Murata MEJ1S0305SC,NXF1S0305MC-R7,8bd6e5783d06f4d9843280ec2a9fefa463ba92380c1dc87a954b52f28e142c0f,641aa677b7da8f71aaec47c7467b7d23e32a90c39661ddd0fe281ee040dd60f7,EVT1,Implement Q36SR12020NRFH and NXF1S0305MC-R7 design candidates and TP9-TP15,hardware/pcb/approvals/system-owner-evt1-design-authorization.md
ECO-EVT1-U2-U7-TP9-TP15,2026-08-25,U8,Safety Owner,MIGRATE_PRISTINE_PENDING_ROLE,"Toshiba TLP293-4(GB,E)","Toshiba TLP293-4(GB,E)",8bd6e5783d06f4d9843280ec2a9fefa463ba92380c1dc87a954b52f28e142c0f,641aa677b7da8f71aaec47c7467b7d23e32a90c39661ddd0fe281ee040dd60f7,EVT1,Implement Q36SR12020NRFH and NXF1S0305MC-R7 design candidates and TP9-TP15,hardware/pcb/approvals/system-owner-evt1-design-authorization.md
ECO-EVT1-U2-U7-TP9-TP15,2026-08-25,U8,Electrical Owner,MIGRATE_PRISTINE_PENDING_ROLE,"Toshiba TLP293-4(GB,E)","Toshiba TLP293-4(GB,E)",8bd6e5783d06f4d9843280ec2a9fefa463ba92380c1dc87a954b52f28e142c0f,641aa677b7da8f71aaec47c7467b7d23e32a90c39661ddd0fe281ee040dd60f7,EVT1,Implement Q36SR12020NRFH and NXF1S0305MC-R7 design candidates and TP9-TP15,hardware/pcb/approvals/system-owner-evt1-design-authorization.md
ECO-EVT1-U2-U7-TP9-TP15,2026-08-25,U8,Procurement Owner,MIGRATE_PRISTINE_PENDING_ROLE,"Toshiba TLP293-4(GB,E)","Toshiba TLP293-4(GB,E)",8bd6e5783d06f4d9843280ec2a9fefa463ba92380c1dc87a954b52f28e142c0f,641aa677b7da8f71aaec47c7467b7d23e32a90c39661ddd0fe281ee040dd60f7,EVT1,Implement Q36SR12020NRFH and NXF1S0305MC-R7 design candidates and TP9-TP15,hardware/pcb/approvals/system-owner-evt1-design-authorization.md
ECO-EVT1-U2-U7-TP9-TP15,2026-08-25,Y1,Firmware Owner,MIGRATE_PRISTINE_PENDING_ROLE,Abracon ABM8-8.000MHZ-B2-T,Abracon ABM8-8.000MHZ-B2-T,8bd6e5783d06f4d9843280ec2a9fefa463ba92380c1dc87a954b52f28e142c0f,641aa677b7da8f71aaec47c7467b7d23e32a90c39661ddd0fe281ee040dd60f7,EVT1,Implement Q36SR12020NRFH and NXF1S0305MC-R7 design candidates and TP9-TP15,hardware/pcb/approvals/system-owner-evt1-design-authorization.md
ECO-EVT1-U2-U7-TP9-TP15,2026-08-25,Y1,Electrical Owner,MIGRATE_PRISTINE_PENDING_ROLE,Abracon ABM8-8.000MHZ-B2-T,Abracon ABM8-8.000MHZ-B2-T,8bd6e5783d06f4d9843280ec2a9fefa463ba92380c1dc87a954b52f28e142c0f,641aa677b7da8f71aaec47c7467b7d23e32a90c39661ddd0fe281ee040dd60f7,EVT1,Implement Q36SR12020NRFH and NXF1S0305MC-R7 design candidates and TP9-TP15,hardware/pcb/approvals/system-owner-evt1-design-authorization.md
ECO-EVT1-U2-U7-TP9-TP15,2026-08-25,Y1,Procurement Owner,MIGRATE_PRISTINE_PENDING_ROLE,Abracon ABM8-8.000MHZ-B2-T,Abracon ABM8-8.000MHZ-B2-T,8bd6e5783d06f4d9843280ec2a9fefa463ba92380c1dc87a954b52f28e142c0f,641aa677b7da8f71aaec47c7467b7d23e32a90c39661ddd0fe281ee040dd60f7,EVT1,Implement Q36SR12020NRFH and NXF1S0305MC-R7 design candidates and TP9-TP15,hardware/pcb/approvals/system-owner-evt1-design-authorization.md
